ensembl_transcript_id,K562_AB_1_PROseq,K562_AB_2_PROseq,total_RNA_1_RNAseq_ex,total_RNA_2_RNAseq_ex,total_RNA_3_RNAseq_ex,total_RNA_4_RNAseq_ex,gc_exon,len_exon,gc_intron,len_intron,exonJunDen
ENST00000313064,4.552658979366141,4.961406906167023,0.4342725145985675,1.7201315778643105,0.7862570738077447,2.0038952795227076,-0.06326489663562945,-0.09495611815536438,-0.1435206576333627,-0.5843124604461808,-0.7005479973066091
ENST00000315707,5.67551849499425,5.8112045556737435,3.2671937887449123,3.0600861353702724,3.432458103968799,3.571108013536933,0.8893271389621101,0.4183687733888435,2.226270597277684,-0.6099537253905628,-0.9692459006308165
ENST00000328376,4.66518303053124,4.653657846273161,0.4127151791275851,0.7145157862623499,1.1245956834231452,0.05272727194312334,-0.10597071875941382,0.2752794598708955,-0.1403139911744653,-0.35325462461735174,-0.19423312322480027
ENST00000359941,2.6255045005538875,2.8815335338251327,3.0186724514440484,2.7784627030422038,3.2451261285693667,2.495185811976707,0.39986918513626807,-0.36894327901708535,-0.613310117675447,-0.4697009609785988,-0.3513137899588503
ENST00000360656,3.848054811900987,4.233719125588828,2.814559306211939,2.7378482900929737,3.4713984469495367,2.804513870084436,0.820288031200634,-0.5338489004256621,1.0059989408045584,-0.5930608388843305,-0.6502648691857834
ENST00000380970,4.688106857210087,4.817152317786062,2.610833985262938,2.722568058557083,2.1164982157245484,2.289467372105783,-1.4522122216202211,1.317970645820068,-1.0784890860908276,0.5638696289579455,-0.7565471005956299
ENST00000381051,3.9532667930313283,4.177868673986652,0.9853138544976173,1.101247916321048,1.0742640078730006,0.8768647143091199,2.758641687599364,-0.3561101567284801,1.9841007774654449,-0.22316701143484835,0.6492743450416324
ENST00000381800,5.0754199052553695,4.46108421894321,0.8218151222147378,0.6076005823458379,1.106685485565378,0.739361190559185,-0.2925030108020599,0.07059115936764265,-0.6027634492971999,-0.6192285549205657,-1.1087677231298063
ENST00000383331,5.468550399977604,5.157406245971221,1.2029052895702441,2.3741217868948645,2.1695996928946295,2.2237391663267134,0.2856538664364039,0.18608925996508943,1.1101525279663353,-0.5854195561246369,-1.1392281778763467
ENST00000397841,6.041438786167289,6.164068694021336,1.305361399423872,0.9530159406914794,1.6041039373560695,1.3287021317909156,2.44702404139233,0.5601747746779309,1.1798306662297864,-0.5830350423556545,-0.8159317539251392
ENST00000400282,10.46336940068366,10.483939398687646,8.131488065195459,8.393292716666531,8.160689599097653,8.331171739434414,-0.9012119374401034,-0.32017741432038554,0.3522457049058926,-0.5750453728439993,0.04455619501781633
ENST00000409910,0.601695765055746,3.1572850801858987,0.45657585605404544,1.1168304341012865,0.44599033587851394,0.8335535430357897,-0.4836688189359165,-0.5704232989481869,0.6117492790998101,-0.5786608531365797,0.2572544858917761
ENST00000409974,4.954254215732912,4.726335350759829,2.265334997651056,1.110621469530818,1.9841018875318561,1.0948248893303072,-0.05110286709706582,0.33752010297063073,0.27593661408845815,-0.5625421594124844,-0.7123457721952804
ENST00000412294,3.8511188355625614,3.796082438918134,2.028926725611226,2.030218221493534,2.4333787047145385,2.0939604062782298,-0.7272428330451938,0.48317604094629973,-0.34991775690536475,3.785278053502758,-0.37316797355210723
ENST00000412295,4.711397691836749,3.09706200552459,4.34228889648418,4.50164523859874,4.746740875587493,4.512815705998499,2.1547341379207956,-0.5652900500327448,3.247132761624772,-0.6067872769116219,-0.5833634089770735
ENST00000412485,2.1039929490603266,2.1085670953926607,1.9268015891583006,1.8500905730393353,2.065079454897252,1.1021454149703942,-1.007426510689775,0.04299994644714149,-0.6330725124940629,-0.3426404415742516,-0.8009798964924933
ENST00000412816,6.324442986674584,6.322495545222966,4.57783345897876,4.463841426780335,4.603589785866949,4.697653306463379,-1.1106963834662145,0.38564431155290024,-0.8232640695028115,0.4392245910338662,-0.5170326874184425
ENST00000412872,11.270975899192509,11.20033469522977,3.989241084333257,4.108672590392915,4.234669542313748,4.2188770552398145,0.506393886701897,0.11229880680560955,0.1931149120007423,-0.6194840385386711,-1.1205554657420016
ENST00000413004,9.967648032472537,10.15658031069474,2.9969018287728293,1.335228311932708,1.986316308597298,2.7889170150334173,-0.2656661948432108,-0.738537200928915,0.7701577143917753,-0.6029705064956858,1.8133736954584585
ENST00000413221,8.882487613234874,8.897884297763891,5.531680722410518,5.709313151861302,5.48955962880188,5.530406707775284,-0.4870032638167156,0.9875177468884839,-0.6654602208170388,-0.6141188825584607,-1.0978858137323109
ENST00000414287,5.174441561309066,5.332560553881738,3.9790620016813945,3.942992970059775,3.7460840601694154,3.870612861492897,0.8455705280978073,0.49215922654832334,1.270671858543934,1.243959278426315,-0.5837350388731731
ENST00000415469,2.580795820205468,2.339918529420753,0.14535426700808565,0.39057134577648295,0.7197312475537105,1.1072944547109862,-0.1609145308753436,0.8052874103902902,-0.28705471461213256,-0.5273086458974233,-0.5651182496087878
ENST00000415611,8.63002300077878,8.594349826832037,3.682012482375215,4.147450883438433,3.7454275436434608,4.08408115031979,-0.17923711796937036,-0.21237918709610193,0.38844609089727095,-0.5875718120589781,-0.17624235057082188
ENST00000418395,0.8667199415589882,0.7625789875660128,1.3393355790948331,0.9406964680885056,1.5917844647530957,0.394385171189215,-0.3106857768293933,-0.6037894168985604,-0.5464256006576175,0.9474202170843268,3.183422499375999
ENST00000418403,5.747709047553326,5.045910519990827,6.416135024977273,6.7570917641818244,6.351911541199669,6.589898392306434,-0.39505496825941744,-0.6628217794261443,-1.2157242167942992,-0.5881679405012238,0.8583143947843387
ENST00000418415,6.264540904184879,6.524674335788861,2.118208124994963,1.8894940154309476,2.8300886292905227,2.173257717089345,0.2945081987978263,-0.5518152716297093,1.6359275062338428,-0.6101008220191689,0.17294646041565412
ENST00000418795,7.52410982406386,7.7062407436665685,0.7729992062716919,1.9917440736788983,1.2098726630673817,2.149976893253436,0.8875493129647376,0.10459893343244643,2.796524978002087,-0.6188182327460331,-1.1184516704503569
ENST00000419813,4.798372162668123,5.3539614777982765,1.7968425939832755,1.759659942050948,2.1554908834734636,1.958091589909583,-1.1556137129462078,0.7276470205442287,-0.6860056368621693,-0.605370504120311,-1.050191144007234
ENST00000420255,4.863528217552194,4.8383246737101455,0.9494888862980472,1.7658626662625703,1.3014734455072245,1.9785432698594847,-0.7682955238383734,-0.34199372221101443,-1.1297098851514784,0.0642520589335644,1.0987304476990603
ENST00000420330,6.846909702174521,6.8918838580436,0.8812689724249804,1.1389769953765745,0.9320839969135927,0.9046097047920243,-0.6241689274488287,1.0651581367345453,1.2743661963604889,-0.5843124604461808,-1.2547719884197681
ENST00000420509,3.9542542157329126,2.9248810301419095,2.7184373823694292,2.7121156941418625,3.1408112694700043,2.4739266926049033,0.7143727483215655,-0.43503385880340206,4.232166658766957,-0.6108208213065565,-0.8037671177421659
ENST00000421326,2.2635060464969454,0.6491703601847857,1.4088400893927866,0.5951634791076152,1.9832170699384115,0.4638896814871683,-0.9613141857722238,-0.6185475075304564,-0.9431840880879387,-0.5620544179597381,-0.43794048369025984
ENST00000421685,4.542225466326407,4.735244702071852,3.5594748203351023,3.3291406151029257,3.752422694244703,3.2612921976241123,-0.5836874684147536,0.41580214893112244,1.821308444081388,-0.6136853346004638,-1.1841256698848557
ENST00000422519,6.908274575231445,7.074966528546544,1.1523563474068084,1.5495765196202556,1.257248044651213,1.1667639550038442,-0.5059370517951423,0.3683195964632832,1.0029460541102786,-0.5521757180596681,-1.1761603814911918
ENST00000423222,4.065972837513369,4.067361905693052,3.713823917823003,3.756165573347801,3.7263220107605126,3.6496748766572424,-0.8605199416819266,1.3333703925663942,-0.557670105880906,-0.24064054252768358,-0.7609481532075721
ENST00000423918,6.633886634833167,6.669541016098116,4.213550930375305,4.531371758100542,4.2766750963827835,4.543222902578693,0.8847706268238037,0.14373995641269227,1.7359396256058817,-0.44282098758279737,-0.31581370045344237
ENST00000424612,3.9303506221622433,4.033427732594889,0.8192411785509113,1.9124551638742588,0.3936181590965363,0.19621886553265566,0.39484955622952594,-0.5575901766595817,-0.4255015723668743,-0.4203074614782494,0.19817823717164634
ENST00000425894,1.0627720194731194,1.3995267326800134,2.253744400892355,2.7075481014721694,1.2431588807168235,3.045759587152943,-0.48490056932502784,-0.6179058514160262,-0.6546472140341286,0.6248218266956024,0.5198338637683778
ENST00000426037,5.74306892307617,5.521050659542771,1.3306746438501027,1.084038626288825,1.0570547178407776,0.3450822514471388,0.044137266065140325,0.21881372180103267,0.04586074125985811,-0.6003305091085982,-1.1467329275965088
ENST00000426282,5.6794410527973564,5.628799250452702,2.1794349242454087,2.2810611493849566,2.313239313405053,2.2153756933920863,0.20431742278872486,0.4145188367022619,-0.24763671454917108,-0.3980881286309135,-0.968001425514987
ENST00000426475,3.6236958157021104,3.9162507249984695,3.7942292905428383,3.9674965274322207,3.1591529054595138,3.7166411140591014,-1.9481134566951908,-0.494066221330986,-0.29475448568712687,-0.5708105383257092,0.6376316823385106
ENST00000426528,4.366158825526794,4.177796116174633,2.2645976119764857,2.3723111669949484,2.186897895942418,2.8259998700956577,-0.4217825025958812,-0.1905628792054731,-0.6433679587186915,-0.46059645386066606,0.578288013220655
ENST00000427015,4.382975500797154,4.2247868440545515,2.6787016301222195,3.2800625191158916,3.3234679385592423,3.0556793171039636,-2.016655603490742,-0.4215590804003666,-0.5642631048421293,1.6440466243791456,-0.24008651821057253
ENST00000427881,2.1662646185422396,3.136891432951236,1.2928866564079098,0.21617564028894468,1.8672636369535347,1.6698643433896538,0.49053084394774377,-0.7879447217400449,0.03925060364721299,-0.5819124628215557,0.8191880561743256
ENST00000428207,6.84281816353484,6.601940872750125,5.089174274562677,5.1849304544484776,5.158759103071129,5.183752230843696,1.539516185836349,0.5518332451903375,0.29872989023929025,-0.6136001733944287,-1.204095201594234
ENST00000429469,6.266198222047652,4.651862535735494,1.03223490188511,1.955523885766145,1.6066118824307352,1.4092125888668543,-0.33504546337318963,-0.6846380873167731,-0.5501485706850737,-0.6141188825584607,-0.165006428255514
ENST00000429829,6.017487844546979,6.120518169675164,4.239520769017783,4.319910713983547,4.2489289765355025,4.333089736198269,-1.0309887021731852,11.431112665355391,-0.7340405125680396,-0.5208983296613278,-1.2833774151375288
ENST00000429892,6.356644338728554,6.164135317357877,2.3802937014352077,2.3910455265665824,2.539633182701989,2.3422338891381083,1.437836427633423,0.058399693193467724,2.420100694893737,-0.5683253794950489,0.36838075493396066
ENST00000429940,2.9110877914094133,2.540677687983343,1.6208214629818805,1.6909518351921866,1.9728060221910575,2.360369229348333,0.5948271850357245,0.5280919689564179,-0.00780713428537196,-0.48437191420009756,-0.604019796131381
ENST00000430859,1.8448007859407465,2.230465099628587,1.5896416800857047,0.9279681632455836,1.3160217540763797,0.7966943656251365,-0.8521662213155025,-0.4427337321765652,-0.30425084334693453,-0.5941059991402157,1.0230982177797154
ENST00000431071,6.782916709195889,6.744580399062763,4.7551310038794,5.0514633983746515,4.7910880696408995,5.486773572160507,-1.040915315962149,-0.5588734888884422,-1.2903216857982842,0.945716992963625,0.2038956344091401
ENST00000431150,10.34722164755213,10.354513587543888,2.381242530828757,2.5269239360462397,1.3706570106532256,1.1732577170893448,0.6680607867250279,-0.7346872642423334,1.2837385536337393,-0.5802789160512464,1.7457272115391673
ENST00000431307,0.5507592436426669,0.5213860580516636,1.451252252076499,2.374541235957534,2.8329841546797283,2.8282299390582435,-0.4502156388419932,-0.6852797434312035,0.3397698385842211,-0.5169267206889643,1.0766436875805458
ENST00000431759,4.283220764888089,4.023549959875291,1.9041346601891176,1.6468513984283317,2.0914885176254954,1.6530811245578199,0.48230708402320427,-0.19633778423534543,0.8898180522206603,-0.4406687316484561,-0.20345747379451043
ENST00000431979,3.6823554881342964,3.460337224600897,0.6308104026535974,1.0946677678973353,0.5531106866195294,0.4552470666065632,-1.9756402142604133,1.3385036414818363,-0.29656459253811607,-0.5499150751358277,-1.2723477963761751
ENST00000431981,4.2733146317228385,4.549567728690096,1.3903831846852257,1.9917440736788983,1.2277945710646443,1.4454327767796076,-0.735683602522917,-0.6146975708438748,0.12817139456146764,-0.4835280440675681,0.49949839603028207
ENST00000431985,3.9651537193969917,4.020788559012476,2.1805799852824714,1.3383342228005293,1.8374191260200694,1.9295264496511737,0.3741482233459667,-0.32210238266367636,-0.6599332429004574,0.018435330086688528,0.049225560812188214
ENST00000433232,3.881005233702274,3.436594548832427,2.9248188143608553,2.567999879049155,2.219087875713745,0.7992961608134165,1.0894355748839524,-0.5620817694605935,0.29610377744457084,-0.6089008232068563,1.0274717421632669
ENST00000433510,4.748758863672646,4.638085575979795,1.8104103589424885,2.2076305311559357,1.7998248387669573,1.7179027626230126,1.9441580586265481,-0.10265599152852749,1.289266370352966,-0.544062177702871,-1.0468874292352597
ENST00000433639,5.8234165147290735,5.661451474458477,4.02002773105606,3.770849518932329,4.277547606261744,3.8911144883078466,-0.8836191938956519,-0.22264568492698608,-0.8720921648720016,1.2732547333023843,0.2557243946853127
ENST00000433656,2.94155534955795,2.778915633103482,2.8356209217397685,2.4958754997870094,2.7510348201204606,2.698025435891754,0.42519634531377765,-0.25023689784748726,-0.06964466101949991,0.2717744341854244,-0.10682703858227847
ENST00000434418,3.119858817920184,3.0709894567033835,1.8218151222147378,2.3300666068169287,2.981154603481519,2.3687178106387945,0.6141830096201416,-0.558231832774012,-0.9875673039916476,3.8261399485439567,1.0014648918110762
ENST00000435043,4.768267570938397,4.908819386789706,2.1504378696761086,2.5667668648372604,2.3622447708370258,2.0204555679379697,-0.4992791174849926,0.048133195362583564,0.4088179017019297,-0.5310789647464311,-0.8041631756644022
ENST00000435352,3.787547138314889,3.472419470390008,0.7126933998346254,0.22094488443681662,0.8720328811014068,2.0896710868163697,-0.21425025449986532,-0.5299989637390805,-0.7837329879908215,-0.3501423696331605,0.08441244462393327
ENST00000435597,5.957447378785274,6.183729068662467,0.8511526672703185,1.9297198766292643,0.9660980291786463,1.7686987356147654,-0.5782760860089888,1.0189588964955667,-0.1100429386623959,-0.5903743899303147,-1.251311257550072
ENST00000435996,3.6223367818228662,3.6156241936430353,4.433428751025892,4.88027969096394,4.865786726699089,4.617761360065241,-1.2329059562454627,-0.447225324977577,-0.7028554839838219,2.0410139734199633,0.43471897288095923
ENST00000436248,5.945265432505658,5.418392587443838,3.5019036291487984,3.6057648586716544,3.8323550268083344,3.5569532212431807,0.6177237058571474,-0.28681129637001207,0.8860818910995584,-0.6088234039286426,-0.487845452314774
ENST00000436295,9.852665680384256,9.918151681134693,5.99174012365705,6.089058507313134,6.339608574393996,5.89067051383415,-1.1204445877632765,-0.6256057247891893,-0.19523452584574133,-0.5934943868423272,0.570462474435883
ENST00000436373,4.79909867362094,4.93965048947225,3.781173137717392,4.119499620877271,4.294149573598874,4.217044513752705,-1.4672951125319018,-0.36316837398721297,-0.8050782270764062,-0.6108440470900206,-0.8810350846080891
ENST00000437071,3.9000577687677027,3.6794867834438456,2.2986116442415394,2.543828723009937,2.720985531342115,2.161016158393526,0.4745720858060146,-0.2720532057381161,0.5803749524879459,0.20354482429567838,0.8280112066589466
ENST00000437492,4.545194295620584,4.541172633686777,3.8585523976161387,3.1823793110809024,3.432929378161764,3.292113612964251,-0.598629123207211,-0.3702265912459458,-1.057899530037873,0.9118460587451253,0.17663410578757344
ENST00000439184,1.312914005360717,1.5789967032958847,0.3812425308287568,0.30453151470979156,0.5405820120955378,0.34318271853165705,-1.1637836348410522,-0.42990060988796003,-0.507620297169736,-0.1082380929265901,0.36954405430609333
ENST00000439943,2.4733326144948844,2.6954981958998454,1.4582435189849567,1.188887424923596,1.0326204995305819,2.083148719410287,0.06277518089882496,0.007067204039046936,0.47503097911589237,-0.5146738196929452,-0.7777072760372119
ENST00000440088,5.557287334269701,5.414456098895414,1.9645449894030456,2.794724568892599,2.0624839260056835,2.470805693329756,-0.8942407369424495,0.3843609993240397,0.12157008567323653,-0.33699657619247186,-1.1789163439014514
ENST00000440100,5.826773441421931,5.685071555728052,0.0715148895469211,0.9948038734279562,1.2308543708137027,2.2558474985862698,0.7398063107169244,-0.6153392269583051,0.36788029336959127,-0.4805938534232683,2.406896189718479
ENST00000440496,3.65063935267335,3.5912870095894767,2.821128288095177,2.4224891770888495,2.61789768997725,3.046102881631871,-1.0288660903840217,0.4305602395630184,-0.521771035083451,0.26338992635487923,0.0935962654517834
ENST00000441095,6.489791959730945,6.719895360560546,4.047209585444825,3.934713994185886,3.940297948194269,3.9579115456012386,0.76889984843575,3.395011488230819,1.4805030597957027,-0.599409219697855,-1.333141460166243
ENST00000444130,3.852589017041745,3.724312225835847,3.645658167060911,3.864403034468117,3.220035147606536,3.2636439535464503,0.5412312608505395,-0.6384388470777944,-1.2238904451282266,1.0090846721815498,0.6610508314539858
ENST00000445000,5.707470207448693,6.338610555586022,1.77963261964161,2.117959102801488,1.6535698820461424,1.915602207119559,0.7736159962846227,0.8861360808085029,1.0459665595927397,-0.61710726669751,-1.2403741291745254
ENST00000445118,5.867539684566917,5.936111549387873,1.890893504953789,2.2722887100055535,2.175763868304429,1.6608823848843781,0.07225054220675278,3.321221035071339,0.5098841513955698,-0.42482100539810885,-1.1284189022305953
ENST00000445681,5.596233118266967,5.945371555929693,4.122210055552459,3.321133482046921,4.203547024817967,2.710691847727915,0.9857401243212363,-0.5710649550626171,1.8494721692186928,-0.6106582408223077,-0.5697555609482271
ENST00000446720,5.099607286929589,5.021837276779473,3.8568620693139386,3.458222958307611,3.8748457013351785,4.397338488578562,0.42862643114135224,-0.6435720959932365,-0.7629994904204723,-0.20834121965692215,0.699662262314161
ENST00000447262,2.2086243189887687,2.0828213707146723,1.1469671179763867,0.6552186025785778,2.306306599243168,1.8458728998454934,-1.1111834962983862,-0.6307389737046313,-0.7287104197971562,0.829665494921268,3.6140640769677703
ENST00000447898,3.1776254323679725,2.991747761096978,2.0245405100951093,1.5608063708668969,1.9037720721691551,1.805908452156189,-1.261701544643275,1.7363304324285973,-0.08079155467730381,-0.3038611251170023,-1.0747067418174812
ENST00000447908,5.977600250917206,5.988584802942343,4.973582153311083,4.563744835699892,5.117971293111893,4.838109839356039,0.17362640081171934,-0.427333985430239,-0.053495138212428996,-0.2961191972956309,0.36028029333743383
ENST00000448494,6.106613574160854,5.925237295124801,1.3370018162278392,1.8046113163326845,0.7858479146896052,1.7139795032095837,-0.9246863893750017,0.5909742681705834,-0.5476419195286057,-0.5679382831039803,-1.209173927428318
ENST00000449457,2.630952779436857,3.4946643899293415,2.2169096296640722,2.3466494910125335,2.4127749869559674,2.2153756933920867,-0.7503261962026416,-0.4735332256692177,-0.9432781533010562,-0.5852414917847454,-0.7520849929185509
ENST00000453016,4.147501427553293,4.0956442278109115,2.3036397127047836,2.034283618643423,3.3374483118877065,3.0025454945738907,0.5115599518827086,-0.6602551549684232,-0.7795709986104572,-0.3002611286800646,0.8357892208642173
ENST00000453348,3.9526157203371586,1.463810916108858,0.6359485769034039,1.144200061505595,1.5322536523363914,1.0129262638851484,2.119326800345832,-0.5088243119628819,2.781754579662749,-0.5969008350837307,-0.6961568745850941
ENST00000453698,4.961140601318152,4.647974449726558,4.269092204835231,4.412771257141566,4.156968658197638,4.435302795600155,2.020075105021763,-0.06928987357815398,1.1666289815112851,-0.5967769642385887,-0.382642503861714
ENST00000454600,3.4588421947226458,3.4170756135499154,2.5799265252524926,2.4207533489415547,2.1543035057981177,2.487418928933017,-0.21712577940086303,-0.4395254516044139,-0.29789043035051227,2.750290690774903,2.2101725340185947
ENST00000454869,2.99806102254913,3.1084126006247397,2.4579098321462105,2.3811988160272453,2.6172493134129917,2.5353272372690467,0.6518725332526251,0.4697012625432643,0.26763458723458894,-0.41647520720667053,-0.9851788660360724
ENST00000455253,6.000323864428897,5.886061781251381,3.0575350751981785,3.426623812128744,3.5018515151794305,3.035963385689648,-1.9086720297658473,0.18865588442281048,-0.948872156749415,-0.5785369822914378,-0.8798313741531012
ENST00000456091,5.884213305994943,5.6792341276554685,3.3740408365238945,3.0390178248135387,2.9718767898935083,3.575168688106221,-0.7154731642496375,0.016692045755500835,-0.2654193714398368,-0.14290644571069117,1.6787544048292375
ENST00000456414,4.943946222375627,4.4425045924694,0.10435411591483651,0.40615472304960104,0.9417655022942552,0.15940370800921824,1.1636427170159356,0.5595331185635006,0.8768540699381828,-0.5900182612505315,-1.2051155617459992
ENST00000457079,4.034345471462139,4.114596777045634,0.7000102848227907,0.9452273635911883,0.01135285953462218,0.29938039314098325,0.8574464785002721,0.2553881203235575,0.717944977857336,-0.4929964217931053,-0.909415785160593
ENST00000457253,11.892171706962056,12.063097171856883,2.0664188226413445,1.7266734006885858,1.8631882245234175,1.443396509623089,0.7213154358013357,-0.46262507172390327,0.15847601431392871,-0.6168517830794048,-0.7676163583098319
ENST00000457890,5.225325940632125,4.347955848486171,3.0778906698074744,1.8857024362685735,3.6522676503530995,2.3393911393692832,1.3767020377171482,-0.6730882772570285,-0.22815437019548274,-0.6084517913932168,-0.22334475246586094
ENST00000457898,6.994748993960972,7.00351093725674,1.7133601309753015,1.1645806705411137,0.5619120749599209,1.6640730632549479,-0.25933431896694187,1.1646148344712357,0.5699794963347633,-0.5869679416889112,-1.2617010043996306
ENST00000467721,3.60233094500323,3.5438924094320985,4.66346322182622,4.643708090519331,4.76013866831083,4.821272388345802,0.2462218611038266,0.016050389641070573,-0.41884471821938896,2.8242802949637493,0.14051799132032394
ENST00000468762,4.987622328755233,4.945172105777648,2.8972312671809686,3.3844211362553303,3.8549368872780994,3.608627993233272,-1.5199975454591057,-0.427333985430239,-0.7747928855383235,2.8022080587450198,0.9469851546858649
ENST00000470465,2.1646981588261136,2.140927679464486,2.0873883673150653,2.217128228663526,1.7686805517772017,2.348888836876873,-2.15447994420585,-0.4318255782312508,-1.2227688938262824,1.0325427134803051,0.37655612172358593
ENST00000475669,4.659797834812813,4.558274863465974,3.1077004671765693,2.7679550452238106,3.0971149470010384,2.3591472720744546,2.2042264698455463,-0.47545819401250844,1.7128433203891225,-0.5710505380881716,-0.0986949174997277
ENST00000478613,4.985220729953626,5.124666608578766,6.337647081478853,6.379256032548649,6.451050278578775,6.572180503440392,-1.1689607173338121,-0.4581334789228914,-0.35389437582758326,-0.3542765590897728,-0.14776022905925218
ENST00000480284,3.4941981889314047,3.827395082725109,1.7346987079178915,1.1725608646286847,1.0866832671270688,0.889283973563188,2.5413719470196687,-0.249595241733057,1.572968558238163,-0.5847072987650708,-0.9692459006308165
ENST00000482003,2.2739298588888963,2.244556673297893,1.6183902055190993,2.541679189400134,0.870839091177362,1.6734397976134814,-0.8301424920545748,-0.6589718427395628,-1.2180236698535396,-0.40712295839845386,0.8246943150995913
ENST00000484076,3.951110587840713,4.035908422169021,0.8381002058022275,1.5389967683468146,1.7750472657325609,0.992685471447524,-0.47795122510593185,-0.29579448197203567,-0.14780428072111754,-0.3033733836642559,0.9130785785914254
ENST00000489012,3.0407058659135076,3.094019962624771,1.597069201105318,2.368355091541303,1.6568730088211847,2.352558511340792,-0.7919347614628894,-0.39268455525100493,-1.2317230142076887,0.6272295662480489,2.435981844367213
ENST00000490162,5.904845160193147,5.7714221043800205,2.59501303354028,2.518302017421315,1.9063556082521114,2.2939188154093864,0.5344132061629203,-0.28681129637001207,-0.046433398115170915,-0.1364574198354888,0.42414338607831115
ENST00000493536,8.189816325684376,8.12075943862089,7.441786875365296,7.44258783307773,7.392131790511172,7.501699370274558,-0.509497599741601,0.6378151645239923,0.45942918271626754,-0.5803021418347104,-1.0299972328941618
ENST00000499346,4.783718097034448,4.830681619100884,3.824426335671276,3.27682458553995,3.304475933668748,3.541479464250642,0.32636636265114993,-0.032073818941198914,-0.7389456394410716,0.47372262140589705,-0.4253940427291607
ENST00000499418,6.925320437488086,6.771140796160802,0.4402382817154043,0.4967937964599035,0.6453814525953103,0.5634593764513656,-0.8333053164436193,2.7103644141337315,-0.2884094283220404,-0.5704234419346406,-1.3205554590718136
ENST00000499601,2.549396496336472,5.1049858114666256,1.030249085961266,0.17593049117874904,0.8270184878433393,0.9921892736641666,-0.9986375021030528,0.015408733526640314,1.8668795915057592,-0.6138479150847127,-1.0915519564092335
ENST00000500447,4.248890618952535,4.219517433361532,0.7112242601548278,0.5190360266159266,0.5851615225593605,0.9727247297166361,1.7722673208562816,0.3432950080005031,3.8217951023878034,-0.6140104955689615,-1.1717210519952885
ENST00000500929,4.2890130599547716,4.844602375084924,1.2044546310911444,0.42730389683108727,1.6633543942168334,0.4659551006529527,-0.517435562684229,-0.021807321110314755,0.6581369417461599,-0.6085059848879664,-1.0787436645830732
ENST00000502209,5.557510166262421,5.297062316235169,0.9969018287728292,2.335228311932708,2.5712788093184544,2.11084510992078,2.082555201556064,-0.6788631822869008,-0.9831859967581292,-0.4624235488265097,1.010071698916879
ENST00000502421,3.6384548928308758,3.685432593369987,1.3185067754807938,2.1593335991698557,1.5303136766417107,2.432450056628744,-0.28752463869267225,0.22843856351748656,-0.6606960619192018,-0.41348682306762113,-0.646907335382773
ENST00000502606,3.4576001331394166,3.4986162754398116,4.237269043791433,4.1161639083140145,4.4396772469501,4.377207533472328,-0.7820850920074619,-0.36188506175835244,-0.32283896964314884,-0.40940682710575843,-0.8822332351995436
ENST00000503051,4.728430888996192,5.229572420103968,1.5026376383434101,1.5414038396443812,2.0770146188890353,1.7540844432412959,-0.0437839202454641,-0.24510364893204517,1.4620318152253975,-0.6107666278118068,-0.9721219681217891
ENST00000503650,2.190715811222977,2.1192938921187574,1.8087589693892916,1.4425413360753416,0.5086668320187755,1.896230039176051,-0.5707536465375566,-0.41899245594264556,-1.214511852819999,6.409419972412232,-0.24605690571377598
ENST00000504398,4.7580262439456025,4.689340134329774,3.5903507953818137,3.8090956627890202,3.027224252177504,3.208336581867353,0.8080476483001962,-0.62753069313248,-1.1019772108233636,-0.41795391542055244,-0.4081473126764404
ENST00000504578,2.7227607972371657,2.7212218198428877,2.3128633677336423,1.973117945780883,2.804778188087294,1.979347671910371,-0.7552500562536727,0.2329301563184984,-0.7203966419324579,2.0612436308172066,0.10014065877413082
ENST00000504728,3.533986690344605,3.5494014265004394,2.8042567508304335,3.142583233990312,2.4457479272345957,2.5962719370910214,0.013185095979203391,-0.44016710771884415,-1.3038411843482067,-0.06620716678436485,-0.1948812958954901
ENST00000504827,4.384128312093011,4.2842193246736455,1.5847759249138884,1.6779899102372358,2.6185845240968106,2.546716112616789,-0.18614687937423557,-0.494066221330986,-1.168295511194346,0.7410591310056724,-0.7206789663590693
ENST00000505196,4.979618831366324,4.926225194270182,4.00356555905384,3.8419656453483615,3.9722214787115115,4.251260229090618,0.5307722287688766,-0.5710649550626171,-1.1067718179531154,1.1524729173611694,1.0904018985710369
ENST00000507579,5.418201315492703,4.973790630622855,1.7063379047948017,2.214589389396993,1.2807148853404269,2.3057080131129943,-0.040520791726906966,-0.6256057247891893,-0.4222000273879612,-0.6105653376884512,-0.41468590813598805
ENST00000509834,0.9341634166572692,0.8574845162879092,1.8733113572584055,1.1445236445597473,1.988256719166733,1.7908574256028524,-0.24085658789605832,-0.44080876383327444,-0.30049289032884197,0.7836010243841082,1.013315179387437
ENST00000510145,3.174268313072395,3.3351175431569318,1.0684550897978633,1.9917440736788983,0.9647601652308507,2.2527876988372117,0.3920969860284822,-0.3118358848327922,-0.8104234381257954,-0.14435418621328763,-0.9250011190233237
ENST00000511213,7.427335259644208,7.461593180240916,4.4836179917488614,4.2671822119632825,4.590216010943669,4.008152867144464,0.329717338624922,-0.45620851057960066,-0.9223452284052864,-0.5549163605084336,-0.15298446019269563
ENST00000511243,5.761661807233265,5.665013903386798,2.9168282370749585,2.5991091214521984,2.3757280002006476,1.9152943008029728,0.5632394213153363,-0.6442137521076667,-0.4055198607305722,-0.16131675006991233,1.7568031323217277
ENST00000511703,2.5495383891362806,2.9124826263240378,2.96488509088978,3.6500143375760508,3.3376282102657546,2.818300821814512,0.3982136814227573,-0.44979194943529804,0.21909657416921174,-0.5393628275152985,-0.1700880243972931
ENST00000512322,1.6531950363028691,1.6238218507118658,1.6732511127364589,1.9291154357043645,1.399631186727134,2.2022318931632534,-1.0642576217642483,0.42671030287643685,-0.4353052581651166,-0.3539436561934538,-0.9719178094952565
ENST00000512581,2.5663482044528303,2.4480013890395504,1.4916665205224071,0.677989910237236,0.74411540618067,1.8686442075041514,-1.3773355513658672,-0.6352305665056431,-1.2513805815859227,1.4166971719767534,0.6376316823385106
ENST00000512624,3.789572387750838,3.9444084296083948,1.8625748825430721,1.785863866424107,2.436951863088697,2.16555198808104,-0.3788069869584804,-0.04426528511537385,-0.4366752175743447,0.493379376144359,0.5762532070299863
ENST00000513211,5.034233330460687,4.8658954526108165,4.212821599841151,4.420840060655299,4.465270485499414,4.874528763756008,0.4094474566215806,-0.44658366886314677,-1.0177647964521954,0.5974463699192332,-0.17846504256017173
ENST00000513755,5.712329309788625,5.858214569942975,3.2535818162253785,2.62938300480392,3.580031283327418,3.470094831013877,0.5921728994600544,-0.6012227924408394,-0.08997600278655771,-0.4844106238392044,0.41859375825847484
ENST00000514769,4.903114759500354,4.87374157390935,4.2780443088136915,4.437400650928251,4.061007911170734,4.37262226509471,-0.27538226769416585,-0.5492486471719883,-1.0598878562705054,-0.4272519707340195,1.7238069223249024
ENST00000514877,3.196861412695207,3.191467090038644,1.665695920297456,1.781629982120887,2.602642980227789,1.2353186852215963,-1.9303874347905536,-0.5672150183760356,-1.1723512800067308,0.5077948457477526,1.0630366657218184
ENST00000515614,2.681235721326497,3.329934440848131,1.8412674848809105,2.049958687624194,2.000606966147692,1.803207672583811,1.1950390807970583,0.5005007560359167,1.9133358617397223,-0.6070892120966555,-1.1970096237077679
ENST00000518217,1.0457615155278923,1.501815157107131,1.689674783231896,0.8056088450553266,0.4566968417199167,0.8442600488771923,-0.7953278645617624,-0.5729899234059079,-0.6002796603567869,-0.5468337878629219,-0.5651182496087878
ENST00000518222,3.4211377915466152,3.4817067312684107,1.5708535486815194,1.1722144376751917,1.408264935060938,1.2108656414970573,-1.5076441560900422,-0.38305971353455104,-1.0511877654816448,-0.1591103006408215,0.21448448745613125
ENST00000519655,3.7009894495921762,3.7048467935678064,1.3093044158418723,2.1801259798287718,2.1637893155802326,2.0488521822083245,0.8546520926127311,-0.020524008881454236,-0.6295348010424177,0.5172787073289324,0.5239533233273395
ENST00000520024,5.188428342395198,5.043577939384258,4.6053233023179745,4.294147032561987,4.5947377821424435,4.3233379071347855,0.4094474566215806,-0.526149027052499,-0.7043169521767918,0.11186491503499843,1.539460883522969
ENST00000520619,9.589121622280382,9.594366633558955,9.283230485323609,9.353129303879475,9.249127158441942,9.3295809854234,-1.8302483632374251,-0.610205978042863,0.5672396412933349,-0.5899640677557819,1.4075300980407919
ENST00000521696,6.283527161233443,6.184891313205326,4.188597452886361,3.763963133347089,3.7629744334319857,3.6651108134190196,-0.36639253368875835,-0.6737299333714587,-0.6955535014136721,-0.49706093389932526,-0.22024872736522405
ENST00000521975,4.405057268422809,4.2634525249155235,1.361134957380182,1.021389535427423,0.35054943720465065,0.7381126443619261,-0.3273171631656316,-0.5466820227142672,-0.630285652799867,0.036977247218873,1.7021900281170634
ENST00000522183,2.0582967175847164,1.9494890644993084,2.1558160494026755,1.631646056312489,1.408264935060938,2.2108656414970573,-0.9570947698754225,-0.38305971353455104,-0.9901558529437133,0.15561454915356815,-0.8617280313198624
ENST00000523063,2.5090580336810784,2.4840368726297823,2.1772524792923513,1.2931865411157824,1.9442745377803725,1.9168002456588042,0.32391824388066665,-0.42605067320137846,-0.2677549399298582,2.731028774355331,1.5260306836407134
ENST00000523194,6.226825248427242,6.13618525583531,6.370165515474701,6.403814946798242,6.253129053668528,6.627636108000357,0.14601150031573912,-0.4587751350373217,-0.4657312030847817,0.10344169756534635,1.1078161376569033
ENST00000523971,5.66146071295776,5.598880481976838,3.302232586571235,3.22552157045227,3.160402533117451,2.7406108182171227,1.3319993418837301,-0.5473236788286976,-0.4373019132682406,-0.14175289846530684,0.9307160424127714
ENST00000524283,4.874993961729335,4.745348845852433,5.358399989658943,5.661393399706541,5.347814469483412,5.588536288311416,-1.0941362837600137,-0.5575901766595817,-1.359643259113582,0.07027527877859134,2.5951970289909045
ENST00000524361,6.1625924963913725,6.031413463624628,5.7517893309362975,5.717203790490009,6.00423821659456,5.636913921588367,-0.5679996996296176,-0.5197324659081963,-0.6926060304412006,2.067684914764588,0.7690810999544053
ENST00000525941,6.269574923509328,6.346243375328649,3.283395207430612,3.943649785477853,4.1797002828636,3.7758501118322925,1.6445734156948704,-0.526149027052499,2.503644043601979,-0.573102148960835,0.8046370899652621
ENST00000526453,5.5212948084568065,6.491921622865803,2.1277308991134696,2.16649710041444,1.4390734738253004,2.0072089266243966,0.5600990776654085,-0.045548597344234366,1.6717100538088976,-0.6166814606673345,-1.0700016828563497
ENST00000527434,2.615592105085749,2.586218919494746,0.494401488243646,0.4176904721246809,1.068778468789271,1.4563416759465464,0.8134796674726321,-0.2412537122454636,1.653066064063353,-0.6111924338419823,-0.974556763127023
ENST00000527627,6.486212547155763,6.418990100411952,5.366135638438548,5.625027654104022,5.718120197647726,5.690645905526157,0.08447038836989555,-0.5941645751821065,-0.39202697801753605,-0.3557862350149402,0.37890584449135245
ENST00000527945,8.312351601456687,8.233458280021885,4.907990417604617,4.601797555362885,4.734754559784527,4.656936881973319,0.6213058343899398,-0.1982627525786362,0.11532348535580243,-0.41435391898361473,-0.6001152647128524
ENST00000532652,2.9507519198266055,2.451893450934382,2.4049052086031235,2.453725074568017,1.5198505705114511,0.9074137776687268,1.3016802167709554,-0.587748014037804,-0.35769354847765067,-0.549357656332689,0.34430000528514204
ENST00000533390,2.0894838527269775,2.185641549219833,0.6726486809392229,0.3329032589864641,0.247025661484848,0.049626367920967286,0.8446341393238376,0.27784608432861657,1.0710899931464932,-0.10577615987939401,-0.19682163888230547
ENST00000533516,4.874629349575818,4.55234696256899,3.660292561768123,3.953949995594273,4.0268646572003455,4.054757675478708,-0.9733147829450292,0.11229880680560955,0.23926766951648545,-0.3470223727211478,-0.003440165878571632
ENST00000533552,4.779179354010316,4.891825173291741,0.68618644608524,0.609475429966275,1.2605634266308652,1.0631641330669845,1.4850412591107744,-0.42412570485808765,0.5510592086440871,-0.5879666503778681,1.514616385951447
ENST00000534441,3.5538397003112823,3.3016151479239757,1.8830527517366056,2.5168351184226556,2.3199262085322956,2.385561320802209,0.3428667889797716,-0.4440170444054257,-0.2170768898402214,0.6669301721160414,2.2444137911636965
ENST00000536034,3.10138463442294,3.5414967321331567,2.4560426107916857,2.2273285012276705,2.878416497892261,2.68101720432838,1.0813069210071047,-0.6281723492469102,1.4718330097984025,-0.5722969884674124,0.5879373903129892
ENST00000537192,3.0692012031836824,3.0904540906626474,0.8042567508304334,1.0901158140961764,0.8932069042058166,1.543804517196886,0.6406005003296349,-0.28103639134013975,-0.3530367827839224,0.05246884478943715,0.4075952015106945
ENST00000537250,3.904605246567132,3.9532345729774017,1.6905705889364855,2.350825166983727,1.095022568039798,2.482585775197074,-1.0622747794260516,-0.4748165378980782,-0.3225742575466023,0.7322565590727732,0.5490462052495377
ENST00000538654,11.832983958260568,11.797504117876278,9.314739186472671,9.542554792107836,9.274482273541823,9.503549661504389,-0.7266573461450052,0.8585448678880018,-0.6019996610750894,-0.6114324336044448,-0.7520849929185509
ENST00000538790,5.372300464884095,5.735244702071852,5.1007258668355835,5.0838863066940165,4.858548988477139,5.102855144654183,0.7462627024476521,-0.37150990347480634,1.2330711201785585,-0.5856440720314567,0.18033908439273294
ENST00000538901,3.3203008055074017,3.8548285051097246,2.936147797693733,3.0818292029112158,3.510524778239358,3.0500910788416835,0.6627285531146458,-0.793077970655487,0.1116015136830055,-0.5476157225728805,0.9106941323344158
ENST00000541419,6.712961589053185,6.98314868532109,2.1408835629628595,2.5946872635426743,3.1302980427873286,2.155291170559896,0.8797311031133268,-0.5935229190676763,1.3419596075611948,-0.612771787117542,0.3753835867978886
ENST00000545800,4.257518466355239,4.03550020282184,2.9151359259825065,3.092181502109325,2.9589981898293516,3.051105513460456,2.1087765483329726,-0.3702265912459458,2.6088805542063787,-0.6069885670349776,0.17663410578757344
ENST00000546580,7.400908790653247,7.16235880322996,7.854447135484415,7.931359308478663,7.859981280672161,7.789114393037212,0.25168275728818806,-0.5511736155152791,-0.5112233534635285,-0.5890737460563242,0.17019202827708418
ENST00000546710,5.5738304715354055,5.730870410175283,4.366135638438548,3.78935101918494,4.039076453467763,3.8416771599038824,-1.3139157841070535,-0.1552717929118088,-1.6241513977447142,-0.6040930860297847,-1.0225257771807537
ENST00000546852,1.1213642015681708,0.5070285152560114,0.7465269949105009,0.6698159787915358,1.320903975456126,0.12350468189224542,1.4643560686819663,-0.5389821493411042,-0.3647479741251228,-0.5772827899843755,0.8793649333779101
ENST00000549278,2.1444464308415636,2.0820959228042875,0.7302016330545158,1.1680637897653092,0.3045786136001408,0.6217524928660187,-1.1492287668292849,1.762638333120238,-0.7032694018749825,1.6612878976373395,-0.7559618740401053
ENST00000549357,0.8567177765257411,0.8273445909347378,1.3939535825783105,1.5396349877957936,0.9683305631239356,1.1859687688388987,1.1196805254307503,-0.5550235522018606,-0.8374468171406035,-0.07606264090097062,0.18686487414241104
ENST00000549905,5.330482397865062,5.25231570538301,6.415430934695322,6.3274926631531025,6.000948472846147,6.296881204537855,0.8911781695593731,-0.4376004832611231,-1.0261643347502538,0.6086102298376508,2.1956938970210285
ENST00000550905,4.595920474416813,4.537692426153624,3.9584276809581938,4.316119488985003,4.715668718653629,4.032842597919506,0.6736223637164988,-0.5396238054555345,0.7892989826614455,0.10473459951151538,0.8832345415682087
ENST00000551588,4.050746727571884,3.936269973604464,2.862004212330437,3.0390497884572545,2.905866476177282,2.5385421811710893,-0.24755702983708078,-0.3496935955841775,-1.0526350666400939,0.4425458780692345,1.1326092916096624
ENST00000552303,2.825340992414251,2.8384725353377833,1.3863135203761785,0.30960250425721353,0.37572800020064756,0.17832870663676675,0.4094474566215806,-0.5530985838585699,-1.1655013183876222,1.8293806344949552,2.545962488079124
ENST00000552990,3.448121405703807,3.8208466636841494,1.7678763151039343,1.980671916179954,1.1723282942072468,2.974929000643366,0.6849326043872302,-0.49791615801756756,-0.08470069298186007,-0.5436054039614101,1.3417101378560632
ENST00000553181,4.567064701407186,4.6981561880094285,1.4855317343503056,0.730748813118703,1.4749462141747745,0.9214031103856184,0.598642027049294,1.804345980558205,1.579492784076096,-0.5833060098294025,-1.0828310982961185
ENST00000553827,3.1117050422832335,3.0629881697084613,3.267401684853189,1.4537250745680173,1.5198505705114511,3.492376278389883,-0.25972711349045036,-0.7526536354463806,-1.1012855534189652,2.3876278239105817,2.0884343012781432
ENST00000554254,2.715901686488031,2.3407536640552973,1.4780689171216848,0.8163954002815634,1.0524458976673097,1.2700841033822727,-0.03613085759667743,-0.575556547863629,-0.8853814457452155,-0.34915140287202495,0.282126362463628
ENST00000555032,2.1781502276597484,2.255692245985257,2.2523408644056584,1.1312357289282398,1.7823237255928297,1.169886932750105,0.027210718234534352,0.18223932327850786,0.7508390180411991,-0.460240325180883,-0.6152791318918709
ENST00000555403,3.2761823106202748,3.2468091250292717,1.472126334126762,0.0734872231204344,0.7245752197850246,1.1121384269423,-1.8307083699097677,-0.6313806298190616,0.7533566143532436,-0.6129111418183267,-0.3948062322544931
ENST00000555596,0.6411898007865495,1.5378160337517692,1.2534355056891857,1.8547963946828585,0.5058843913474486,1.893447598504724,-0.8686704464908278,-0.5845397334656526,-1.1361163101237852,-0.43178099850952173,0.3274971700636295
ENST00000555688,9.86114481134143,9.624504513443187,2.415208893283108,2.1780332049708973,2.3855145501598725,2.588653186179721,-1.3882305697072541,0.2136804728855906,0.056636766368124106,-0.5839640736942191,-1.1455844245307738
ENST00000556072,5.512958650119379,5.56931533855426,2.140312311701827,2.063601295582862,2.200116119417694,2.0027168258538133,0.9735644197530098,0.16298963984560008,1.0764382167669213,-0.5945627728816766,-1.1336570258205663
ENST00000557682,6.438843259593633,6.55293878093061,4.905762707815001,5.05840297127354,5.1301972173036665,5.113370169381606,-1.1808204988350082,0.8040040981614296,-1.0749272281237279,-0.5093705991353058,-0.7315636771108389
ENST00000558797,6.797486068399786,6.795132178305514,3.77248740985117,3.9795693597327957,3.408264935060938,3.5800994511627766,0.4389411737402216,-0.38305971353455104,1.107100534437273,0.1754803359432071,0.7525907468441277
ENST00000559946,3.7238522585913025,3.4649972268775318,2.34893354836361,2.357111429831158,2.2008445044381437,2.6815171159869005,2.979178789329666,0.11101549457674903,1.3581114035500697,-0.5507279775570717,-0.8405797503832162
ENST00000560097,4.210086238503682,4.27701760520058,1.3914023970489784,1.5370838022664612,0.9657793775946034,1.505345678196929,0.004317033726899974,-0.5543818960874304,-0.3165101670110998,1.0062356427432853,0.18406151872748105
ENST00000560439,6.17432725545797,6.183673742233284,5.050633812710619,4.874387123040739,5.36197638742245,5.164577093858569,-0.24863110658808255,-0.630097317590201,-0.49483293010120494,1.4805758184308886,3.6028723395399234
ENST00000560750,5.9045374068548115,6.017517144675139,4.196870456372425,4.137861441986918,4.186284936196893,4.321460981719883,0.11723568838941557,-0.21622912378268347,0.03516711603390595,-0.555984746547783,-0.5796284095181038
ENST00000561232,2.9822136829070365,3.0855957061678048,0.462253792702368,0.5949961422123524,0.5601927293050057,0.8392314796841122,-0.9098644576210648,2.770680088890176,-0.12985193473387996,0.2506234873774378,-1.0099225700483243
ENST00000563734,5.262584707219553,5.328368754668889,3.114217264798928,3.4334349250111025,3.0256292326221237,3.243267438337087,1.540583108547336,-0.5691399867193264,2.9411980232279014,-0.5836234288700788,-0.5743416312783908
ENST00000563866,5.035312132591099,5.10224783539709,3.042118194828459,3.0268077233736372,1.9002881413746753,2.8955339257531905,-0.6927468373793597,-0.4741748817836479,-0.11023832369361311,0.6926024047717089,-0.7511475843834
ENST00000564340,7.0042430943796505,6.921758572329085,2.150695977743867,1.8971071995408229,1.8319881622060041,1.734124542193038,0.39249213132149235,0.012200452954489014,0.6370026467528279,-0.5305447717267565,-0.7811420697690029
ENST00000566085,4.361298924258226,4.512497984309043,1.649144744033608,1.420430634469593,1.4865561304130268,0.2891568368491464,1.7899203868526934,-0.4112925825694825,2.2364576857735265,-0.5975201893094404,0.8726245892424646
ENST00000567103,5.750266374777886,4.963463492460961,5.060327208914463,4.831613099350448,4.312776094572725,5.022267396617363,-0.639534702562062,-0.6320222859334919,-0.6171075814873219,-0.5778866603544426,-0.3925477422354966
ENST00000567304,3.899661648468131,3.8584630274803375,4.55614083450824,4.611880114412925,4.474472216271226,4.65894355805099,-0.893074891522834,-0.5665733622616054,-0.010849238558433076,0.8016784258470104,0.23907800936600304
ENST00000567465,6.93084823809,7.086258012668422,2.36184828003545,2.0627448425800368,2.4507984334108333,2.5164335456807465,-0.4653869538173778,-0.48508303572896233,-0.4068625565287344,-0.5796440779698939,-0.06973780978738055
ENST00000567877,7.659741578425951,7.7401222446946605,3.6383300435578176,3.387121296206716,3.523636120041548,3.1709586009997563,0.033881601439505644,0.08984084280055045,0.8240939232730368,-0.5471047553366699,-1.1143295046758839
ENST00000568418,2.7987613194650978,2.4855951678735027,2.1934011034094114,2.3281941924841583,1.9121679932902116,2.077338779111039,0.24215381409357264,0.40168571441365675,-0.5705322859624716,-0.3965629688501033,-0.7457839297104837
ENST00000569291,7.696573044393325,7.908207958306117,2.5999581230558544,2.3857435831869545,2.2998659856853387,1.8394322862876642,0.5736006839700941,-0.6294556614757708,0.8264294247079811,-0.5929989034617595,-0.40152134177645316
ENST00000569736,2.7226944008552367,2.508642447131894,1.339663427077357,1.677989910237236,1.2035470248179672,0.8686442075041515,-0.17684071787430033,0.21175550454229983,-0.4374425864737843,1.6253111590514269,0.6376316823385106
ENST00000570080,3.279567595804913,2.25019441021391,3.3462360810008436,2.8861964253303727,3.01372246593795,2.1382512672614316,2.2716996099235676,-0.4491502933208678,0.7938793344822621,-0.588423424119329,-0.17177260832374605
ENST00000571219,5.207224938222009,5.440886158464799,1.8333107610525674,1.089175084020473,1.6528002394347239,1.2627558679284474,1.0777043016088854,0.2855459577017797,-1.0413878478886738,-0.619151135642352,-1.1607716165370852
ENST00000571724,8.836702670075118,9.172204189024864,1.798582815977021,2.349903022471098,2.083453179327661,2.0380569792088306,2.5810833542421077,0.08663256222839916,1.8387991491867077,-0.6157911389678768,-1.113417348809967
ENST00000572035,6.646042425935461,6.639752853457499,5.366135638438548,5.5853148563054225,5.5215600697019465,5.385561320802209,0.6535765713082129,-0.4440170444054257,-0.14079595903401368,-0.6003150252529554,-0.7924596103959333
ENST00000573220,4.802852370490309,4.773479184899306,1.2231776845965054,1.1464666684775402,1.7975546651421304,1.6001553715782497,0.6669764541040482,-0.7135126124661348,0.49993223676463705,-0.5963201904971278,0.009733363600950078
ENST00000574306,6.258723101485506,6.302413378084226,3.5113101755414124,3.4815202068099396,3.609767414661171,3.524013476926199,0.3221268856549437,0.7674296996389048,3.356671926110656,-0.6037988927725726,-1.229140264024614
ENST00000575930,4.952712799875554,5.016974686395781,3.438028556920334,3.4086232555797253,3.4978323646362006,3.663003150457028,0.6605100325614219,-0.4780248184702295,0.2678927729077308,0.020262425052532174,1.8720088776877708
ENST00000576871,4.507367850414729,4.670639742766122,1.2806947947734206,1.8560604752341487,1.0477168532614412,1.1722456545849231,1.064141791595944,-0.4600584472661822,0.2919282445112661,-0.5736286000526883,-0.14249203525147403
ENST00000576963,4.000944626357904,3.1642165187092957,0.6063987366136838,0.3921841967447839,0.04327219340937405,0.9833764235954282,0.5743351503116981,0.2297218757463471,1.3992810271780862,-0.6010892180350926,-0.8984444539402962
ENST00000577066,4.872784726897306,5.20598162069101,2.8927428696088917,3.1074946676502377,3.0448868494714687,2.8183412102480716,1.7722113166702385,1.9474352940761528,1.9892204818294887,-0.6125937227776505,-1.2994440299978476
ENST00000577970,3.8670485622969433,4.236224753196215,1.7783134835781513,1.7016024674591863,1.5453355420661723,1.932898749223448,0.1661972946430912,-0.5935229190676763,0.4767875655546167,-0.5729163426931221,-0.5122253519549853
ENST00000578968,9.26485083826429,9.299203250283673,7.014333940452065,7.074359261124839,6.838561337840885,6.8601718262188,1.57698217840564,-0.2874529524844423,0.7448189169688871,-0.5982634143802921,0.42600079715446787
ENST00000579385,2.2772785240012365,2.832867839131389,0.7962800301076004,1.7195690139886355,1.1076226048194318,1.3956501384257927,0.07420795463563112,-0.36894327901708535,0.11608419144328404,-0.5477550772736651,0.6972067107901585
ENST00000579972,1.2565915822623939,1.2272183966713905,5.7832297240113295,5.56066784142891,5.800124940257906,5.642989516907752,-0.1162643770409171,-0.4677583206393453,0.17235509577893424,-0.5816956888425573,-0.7604013177118516
ENST00000580048,6.441434534272069,6.215918826502444,2.6690248979288738,2.286505452285823,2.8120625668665546,2.4282501490717925,-0.6996599572545437,1.3044958674170324,-0.9512887508002532,-0.6001369609130639,-1.2703966603093026
ENST00000580524,3.6232178647151683,3.4689534312963564,3.2188860749641326,2.9817103866519217,2.8672636369535347,3.048375966643384,-1.0338368377841225,-0.5935229190676763,-1.1386279443769007,0.3419472679583347,0.3753835867978886
ENST00000580686,4.4945262341034296,3.867912218012833,0.044207543551185884,1.967496527432221,1.9405126189841735,2.2285401525905346,0.27295708795587237,-0.6095643219284328,0.589256145907636,-0.5407641164509668,0.4678428512513131
ENST00000580781,4.163518754113918,4.219641788804521,3.158540219030181,2.666791703632372,3.384993896155499,3.0500910788416835,0.4938744887859357,-0.41963411205707585,-0.6350050356318346,0.9083854170089722,0.9106941323344158
ENST00000581725,4.168432455224949,5.004758177922356,1.642759109020297,2.3030136870675384,1.8020985902870783,2.1352140134219777,0.6677888484178732,0.30287067279139673,0.27104007253191165,-0.5550789409926825,-0.22148909073361803
ENST00000582008,6.780868752574981,6.65618860688825,4.611293457724574,4.482250977518094,4.503922875014163,4.559710201327729,-0.33354861910076966,1.6355904224630464,-0.8491953226375429,-0.5858763298660978,-1.1745301871289693
ENST00000582787,5.312221529517857,5.6198833312044245,3.640758018547554,3.0901158140961766,3.271718527459546,2.8333111343918707,0.5085130467821758,-0.5992978240975486,0.8628780811494922,-0.5887253593043625,0.4075952015106945
ENST00000582805,8.57875813440082,8.499525909739914,6.180795361119386,5.8372978043055195,6.243273303133578,5.925192527147234,0.30552077997256466,-0.4119342386839127,0.3814875959856472,-0.45665581259958804,-0.8309986129537965
ENST00000583163,3.8830322120785468,3.7856589263697358,4.348563008990599,4.206756964649749,4.359039104342897,3.4960588498495753,-1.21653950181736,-0.38755130633556284,-0.9644273479735169,0.441160072989209,0.22816515506769047
ENST00000583827,3.3375828552844182,2.308209669693415,1.371153713205173,1.0314082912524138,1.682496287917004,1.163168899465761,-1.7306454318651272,-0.5492486471719883,-2.098619301028611,-0.6111769499863395,0.16198631580852163
ENST00000584544,5.593005870734145,5.525426681306545,3.93027966765215,3.7127061156933356,4.100759706524132,4.030739719436479,-0.9163472418791345,-0.021807321110314755,-1.060932564022933,0.2443447839143056,1.4899813444152152
ENST00000584919,3.4784307317069123,3.1494972642570014,1.2804418900412646,1.3736558753646118,0.8548188705868895,0.9793476719103712,-0.9671793291846998,-0.3946095235942957,-0.43889268018381394,-0.4947073878416284,0.2501381537223297
ENST00000585356,3.6124810829090572,3.769521021548935,0.15389983213827166,1.176724489570221,0.5058843913474486,1.4239623152035041,0.6882139128559744,0.08149931331295708,0.39347115020868945,-0.4879099752144643,0.03960859326838143
ENST00000587961,10.416083637136317,10.364139175524027,8.840539764012005,8.906110068904418,8.85766925229492,8.923046993225128,-0.04848340074775998,1.9397354207029898,1.0354970704016102,-0.5885163272531855,-1.097851909793733
ENST00000588027,4.82439895372496,4.9795206272079104,4.026125184567728,2.9098858042621254,3.560973800926716,3.65308112455782,0.32201590373963285,-0.5569485205451514,-0.06857946860320763,0.21778997148700174,0.19533479850993912
ENST00000589440,2.7122780328705205,2.5982076827042357,2.2562179463605125,2.5580185534952777,1.0936293327399316,2.770699157092192,1.3580291693562296,-0.5851813895800829,-0.7175441333110528,0.3855575473761197,0.3308317867832655
ENST00000592431,6.131253192322263,6.2971362981301935,4.049278533098608,4.769034122894511,4.282618595809166,4.3482537080790795,0.20759550296102705,-0.5530985838585699,0.6299603580999295,-0.5884776176140786,-0.6106749349504624
ENST00000593554,7.018367066045994,7.336092551077258,0.9624134523875387,0.5637743413812111,0.21486233804580104,0.017463044481920376,0.5513114618489307,-0.5101076241917425,1.3842685519867175,-0.5895769713647133,-0.6939405677626602
ENST00000594027,6.660743591937689,6.610611846179888,4.558780716380944,4.960116997066623,4.718120197647726,5.298328482747397,0.966551002195899,-0.7289123592124611,1.0083920834681115,-0.5150763999396565,1.649434512490789
ENST00000594818,6.468536317232946,6.221855999465277,5.10763292369282,5.246650598629292,5.12013101663033,5.145124144402897,1.4216232242549203,-0.6320222859334919,1.2977273232165447,-0.539122827752836,0.6147388062368659
ENST00000596705,6.417698896876833,6.476381887951026,4.6137948183854265,4.89965388165117,5.024673066648172,5.137613893696442,0.7856399921666419,-0.5543818960874304,-0.30927105325239035,-0.47228676487093685,0.9760094234451515
ENST00000599756,4.795284711005758,4.855178863511842,2.4033467175356207,2.9640656220319475,1.8077986966389332,2.4177543251326568,-0.34919259724482377,-0.6474220326798181,0.6147853064528376,-0.5669395744150234,-0.3351252311586874
ENST00000602381,8.634543649663902,8.72305417919993,2.0931171440321323,2.6684828244928602,2.1820672974075155,2.2477024096774287,-1.8093614921313055,-0.657046874396272,-0.4328905754398767,-0.5721653756944491,-0.2957886895497278
ENST00000602414,11.225108126026006,11.052370765263825,9.102779166515486,9.223536686663126,9.162444923894814,9.234966421749967,0.2875810560271991,-0.48636634795782285,-0.28603370010440876,-0.6167433960899056,-0.06577918930845046
ENST00000602772,4.939868933819937,4.916076780492233,2.8704404758144797,3.104069580307665,3.355550118263017,3.5104525686300176,0.14808292087873592,0.16812288876104214,-0.559551689164241,0.3428375896577924,-0.3401593165466268
ENST00000602889,6.256945389402803,6.207064466303245,3.0758095409370148,3.136602048567984,1.3282584265952773,3.0377497286399153,-1.3902722256144984,-0.5409071176843949,0.07524914653098884,-0.08333231112523835,-0.6362184234673117
ENST00000603672,4.353482365567517,4.358970064355745,2.4632581053366533,2.445440778271257,3.4970667045195754,2.9557130097383335,-0.05439167923402784,-0.22649562161356765,-0.4719117933429646,1.913845067026117,0.6811430262382938
ENST00000603718,3.5257544566475065,2.934502383448388,0.5276320178102798,2.187886595857521,2.5170464976347486,1.9046097047920243,0.13911701771085788,-0.5871063579233736,0.3230367624489142,-0.5388983118460162,0.34091333674923335
ENST00000606714,4.294583317997718,3.943282037519352,2.6449629309889775,2.6364234175115917,2.657461023926488,1.9746349031923653,-0.4819409274080317,0.6564231918424699,0.2948165645442471,-0.5873937477190866,-1.0343695421793624
ENST00000606723,4.656306937659817,4.369135994601168,1.398603691490194,1.4170499084115693,1.2139887715396138,0.6380778547220034,-0.35199033854982575,1.7324804957420157,-0.7416714117349149,-0.5815873018530581,-1.2913009943228226
ENST00000607010,1.459198687364894,4.237180423831495,1.4615368543380192,2.4843615117699684,2.5504870077134028,2.938050214870678,-0.38475723227586067,-0.513957560878324,-0.15088309687160836,-0.6068259865507288,-0.6872070823291607
ENST00000607322,2.6994896404546136,2.7352114830854957,2.617197402606266,2.277451980653507,2.1915743831518912,2.7311406837542167,0.5448098057115384,-0.60699769747071175,-0.1706943549190901,-0.3279772302805742,0.45240750297065846
ENST00000607746,4.843663353673002,4.6102762760604055,3.677337326732852,3.9691653477928392,3.8149817369003145,3.7564101480337504,-0.9364992343874828,0.745613391748276,-0.37689841346581676,-0.5412208901924277,-1.0539681533080125
ENST00000607799,4.299428918163024,4.219429659502052,0.9910962070916236,1.7888543088887996,0.5654731876372485,2.242543011989509,-0.3250790253545178,-0.4382421393755534,-0.9177826687539465,-0.5333783173093785,-0.799777377628607
ENST00000608005,4.72287301116921,5.551480820705779,0.30483945916967503,1.1285927694997957,0.9723258441067818,0.9448515519852134,-1.0104157462037193,1.0106173670079732,-0.1758102151696567,-0.6182453300872516,-1.2506687286212697
ENST00000608176,3.118042930572253,3.0576940950773834,2.353976710370136,2.669583117029931,2.3877853095530583,2.3159168980730365,-1.2242074401261422,0.07636606439751499,-0.6324951709509572,1.405765569892977,-0.5317080529992704
ENST00000608537,5.803930707031879,5.771529828743308,2.265953740894348,2.5569745092758698,1.973597252303437,2.6429314278760923,-2.327205828600574,0.10588224566130695,-0.8454718881945068,-0.37887266377826967,-0.8377747119364468
ENST00000609131,4.160705093200339,3.2833350010543856,1.659543693315861,1.582832677196896,1.6489581731403296,2.451558879576449,-0.3920704529898103,-0.7667700699638464,-0.26020048012445374,-0.5997576064498167,0.5075806627823591
ENST00000609497,0.9440924662967093,1.429292453535464,0.3272166491462458,0.709937251664578,0.4865561304130269,0.70419433612799,0.33679098660941675,0.09497409171599253,-0.30771851557755137,-0.5198609113332641,-0.8317195707202782
ENST00000609564,4.218764860154725,4.457880510489624,0.5715703861146211,0.3917658770315525,0.6098944664200363,0.338494591412379,0.9877437794421199,2.1809981197287676,2.200126466114835,-0.5817576242651282,-1.3070112395440154
ENST00000611243,1.9321438912575712,1.7980733269998743,1.727785924970367,1.3462203273229814,0.4948079834583881,0.2974086898945075,-1.2764565234558045,0.08919918668612019,-0.6131560654799941,3.1489380381529584,-1.1141475385917334
ENST00000611769,1.971465355375348,2.2416524516432528,0.5622198003477152,1.8640204074824798,1.622023608063582,1.4246243144997013,0.1358152139504716,-0.37985143296239976,-0.41620870502666923,-0.046078154448799244,-0.33004308767635254
ENST00000612595,5.219596921731005,5.085925774707557,4.951098139159704,5.382181763239435,5.049037075762342,5.082963328304917,-0.03841156556277321,-0.5890313262666644,-0.8001021303652522,0.824393242074914,0.3511130298788647
ENST00000612598,4.033008327147324,4.1735601429986335,4.2865520906177945,4.0843101924149705,4.548985064848679,4.078567276878383,0.5260547814400386,-0.33172722438013025,-0.02601020927158824,-0.6054246976150606,-0.9088786345521074
ENST00000613942,5.162435170095091,5.211499567389506,4.639670456754164,4.846949052862618,4.894869953428461,4.731417991787918,-0.9601790801623392,0.7513882967781483,-0.5127803795773943,-0.07123941986825624,-0.5381608688120473
ENST00000613985,4.450085376512488,4.436393813153756,3.808684701285963,4.21740051233724,3.5971864871844357,3.586200317851436,-1.2692449598105677,-0.35097690781303803,-0.38304386834592796,-0.3781371806352394,1.6459812069379027
ENST00000614062,3.678864367204084,3.525163046610879,2.1610212085339358,1.3473445982487646,0.41347009419219843,1.438463221964766,1.5145261041318894,-0.3849846818778418,-0.0895304991958613,0.11651781365564264,0.22031937460612153
ENST00000614972,4.3375342851839385,4.330960968966073,3.6521954853710654,3.818340993148264,3.8742707219858095,3.40768479560654,0.541199378957657,-0.15976338571282062,-0.5011429973345182,0.9881814670638471,0.497890154974619
ENST00000616569,4.378672951306066,4.086265359881268,0.2857622219745283,0.9460168000217692,0.8601392025201533,0.6627399089562727,1.0145771699178223,-0.5267906831669292,0.9986822272623108,-0.6088388877842854,0.07222651083631591
ENST00000616960,3.270162491679304,2.898397108641223,0.5459566760233604,2.7911737547917577,1.7052961572901417,2.7302892850627085,-0.4360681014845742,-0.7000378340630994,-0.4242265543724144,-0.40309715593134077,3.889162925459708
ENST00000618168,4.322686403030521,4.745440035453582,1.0203608015968182,1.6806153796440593,1.009775281421287,0.8123759878574062,-0.12756382993202367,-0.6827131189734824,0.7695221902364904,-0.4080055381700902,-0.17512796811168074
ENST00000619449,11.972603856710872,11.937528653235667,9.291708413478165,9.64254170428787,9.300671690344041,9.681642300527459,-1.452342515964591,2.50888439420263,0.21236270135873528,-0.5938195478108249,-1.1480126535897686
ENST00000619530,4.4622573602440445,4.413343988257396,2.0451696609865695,2.278798765479755,1.5606529524786257,2.3632536589147453,0.3602781443604187,0.044283258676002,-0.18126473056199388,-0.33266883854032525,-0.5027512071784369
ENST00000622592,5.907927447376405,5.837526993525347,3.4899860368834896,3.0347633975107944,3.6369417936944384,2.9034895998903476,-0.3437124356664927,-0.3663766545593643,-0.19260213870374865,-0.5164312373083965,0.16562268509028283
ENST00000623511,5.9012842021946454,5.799761230847807,1.0945810660663053,0.9304072086970007,0.7514202068039031,1.38409591179771,-0.022887518238326087,0.3465032885726544,-0.45115819569645793,-0.3510791428995464,0.19290560700351606
ENST00000623753,7.858019326032394,7.6902321117442956,9.020070281238823,9.044312124483051,8.829444123254381,8.872821226786204,0.7893691013611802,-0.6685966844560166,-0.49285650476777226,-0.5367305720560323,-0.2445700791867217
ENST00000623794,3.885010338509777,3.5337090580314117,1.0356455300477618,0.47350768675855504,1.1245956834231452,0.6052682949719022,1.1944689852787878,-0.3753598401613879,-0.7062623865049407,-0.6092259841753539,-0.8693697770153131
ENST00000624670,3.843890972372494,3.8711013151478584,0.9298405185991856,0.8531295024802206,0.7672519049786046,0.3068182055809301,1.6766328654810385,-0.08404796421004995,0.6544740421133122,-0.4720545070362957,-0.01956480935235091
ENST00000624829,4.3046179108988785,4.318817005683369,3.056280375851761,3.07910503328371,3.0712299477833676,3.3807906429393695,-0.21975184190941333,0.1514398297858554,-0.7762031770071051,2.321612405377748,2.09785639531412
ENST00000625062,1.9553280490842306,2.925954863493227,2.411939328051673,1.920190812653864,1.4013538078761418,2.203954514312261,-0.7059577066680744,-0.5595151450028725,-0.12945888631882135,-0.5127770473767091,1.010071698916879
ENST00000625390,3.785841462218642,3.8697331104812283,1.7163728076971017,0.39865369207434176,0.760235071543947,0.3929107765377535,-0.06736261573462024,0.33880341519949125,-0.21322909748745927,0.4206517061903962,-0.9419767686749672
ENST00000625445,5.067625585816264,5.021573659078631,4.7188841656271965,4.651143303012784,4.727663970318597,4.8298249586136235,-1.1632114814558674,1.982726380369817,-0.7889219902972108,-0.5727073106419451,-1.3006655929047173
ENST00000626825,1.267909327477607,1.82349864260776,0.4632581053366533,0.9715095899388442,0.037635085882278305,0.5772013864846037,-0.4345876922304288,-0.22649562161356765,0.06402312256748112,-0.5490092695807273,-0.15124790054016743
ENST00000627575,1.6783366632858825,2.6489634776948794,0.22620537729407342,1.0670322009831354,0.9525854512847483,0.7551861577208676,0.2546054417487184,0.30415398502025726,1.2654748373757487,-0.5731795682390488,-0.6935698252611134
ENST00000628328,4.099783544667308,4.280977345015963,2.6398172884718507,2.5631062723528855,3.1267314277671363,2.836222729811774,1.3921781110146778,-0.4844413796145321,-0.08379782096466612,-0.5000725438218387,-0.07170832309244794
ENST00000629145,3.896417172403593,3.65027611467002,2.3701487009451716,2.744099093835772,2.2855625993258637,2.595123294481866,-0.49161709417988897,0.0038589234668956374,-0.9579643429846737,1.1093736051795948,-0.15124790054016743
ENST00000629527,4.050573176600285,4.171303551538849,3.257399998897667,3.0431854590287677,2.8748457013351785,3.5441798769078336,-1.7385976895928374,-0.3695849351315156,-1.2165586451428256,-0.22276443118813705,2.799158815336181
ENST00000629535,0.5602203203651306,0.5308471347741273,1.9067040198012508,2.192563083066994,2.2586885790104283,2.061289285446547,1.2602965080441753,-0.6211141319881774,-0.5450127256557825,-0.5964750290535553,-0.4296123987810165
ENST00000630823,4.376053054438728,4.155314343131901,2.9491392861216474,2.1562212360032738,2.9068449062187782,2.502994735187471,1.1317167073627747,-0.44465870051985595,-0.6283780433412658,-0.17151286901065846,-0.18343669485928027
ENST00000631321,0.3435369309580875,0.43517914632845023,0.03701204214698191,0.33881264928174687,0.6113890226926071,0.41398972912872634,-0.3850487191937332,0.6301152911508292,-0.2290321673194267,1.1847644983041095,-1.2139957691198817
ENST00000632111,3.330768643208412,3.271338223761229,1.3120589656827557,2.557276044451153,1.3014734455072245,2.104074151943344,0.9298455177550483,-0.5338489004256621,-0.5085763473008549,-0.339396573817097,0.09930455233629237
ENST00000634373,2.069981922786413,3.0406087371954094,2.321271509289038,2.46028918422551,2.64189189758888,1.7440528858839073,1.3324246727453897,0.06738287879549136,0.8280872676954806,-0.6037369573500017,-1.1078196235611482
ENST00000634803,5.372466203654455,5.379244886462333,3.929655427183076,3.7598350066726294,3.9414377200359993,3.7216706134436643,-1.418595454051915,1.0831245079385927,-0.8104116200681126,1.91149152096842,-1.1123150385781597
ENST00000634836,3.695325445884383,3.6060808043159813,1.2011170091542422,1.1717117078136337,1.5124595838660735,1.3150602903021928,-1.0945250788772996,1.1543483366403515,-0.7716521048766121,0.18298226400211598,-0.4281100421815634
ENST00000635581,5.276288896637898,5.308998219817752,3.1880134840296166,3.410862749769559,3.2318757478764617,3.5649911710113606,0.9430358667028175,-0.464550040067194,-0.12842327144222132,-0.09396197802398128,-0.13002546897924364
ENST00000635600,4.974156603319032,4.878057303927216,1.4737446125251448,1.6600680022399734,1.5335484202410115,1.5287942046195266,0.9149673405686471,0.22587193905976555,0.12364152459686363,-0.4640416117411763,-0.6452172636536482
ENST00000635799,3.9268558852802435,3.955968707926006,1.333120581210585,1.9933751592578264,2.6444631559224163,2.5401732667500174,-0.23903619541006335,-0.3503352516986078,-0.9723146292675385,1.2573682974129303,0.6284123792930517
ENST00000637474,0.6695605317335045,0.47791591724362426,1.1660998485716967,1.2413919258977815,1.3779067497326134,1.1805074561687328,-0.25478275058785943,0.3561281302891083,0.6297160221341226,0.2232402886732472,2.6648333431780973
ENST00000637970,5.083542890849119,5.124145119779613,0.7588053246889377,1.267056809291129,1.79261392387186,0.7207455123918382,0.1574652375464277,-0.16682160297155346,0.7835741944699648,-0.05748975605750067,1.2819585285155675
ENST00000638682,5.834998659075541,5.668121949734603,6.4625984779398395,6.632681226647457,6.458726301850744,6.4423719587300585,-0.8755948441140728,0.0474915392481533,0.3820586430816983,-0.5796750456811793,-0.8037671177421659
ENST00000640832,4.391176771195985,4.370905792712234,1.2996242987339046,1.3053754428069124,0.5938933600867939,0.7590641459076218,0.27048125329897615,0.17903104270635656,0.07176004698360974,0.675531453925585,0.6984337681345111
ENST00000641158,4.967413665582276,4.839918812164803,4.130919176744516,4.639170661346708,4.38336806240278,4.699038351078269,-1.6729365750570062,0.17004785710433293,-0.9223631153615095,0.6485508354681058,-0.34203484747434576
ENST00000641481,3.078740045224252,2.97426540439253,1.4753647081933066,1.8840805192445833,1.897738595293882,1.700339301730001,-0.013826046206906174,-0.34648531501202623,0.4688563053023168,-0.14889095591661125,0.11109553200068449
ENST00000641799,2.1523331797259364,1.7028515053086677,1.4287429544326857,0.9735203150599907,1.472605218279531,1.564712541910635,0.8686033411706554,-0.15078020011079699,0.10032613680461253,-0.006199484240915226,0.8507557380964987
ENST00000642026,3.4708135950493135,3.5464099690598525,4.661378625182678,4.295160991868728,4.612825254808126,4.748849694969437,0.35506882368703574,-0.43439220268897183,1.4483495109988485,-0.3429036671201782,-0.2092831245187455
ENST00000642114,0.7674156914072984,0.671700010987599,0.5308371178030848,0.4541261016841197,1.2978591762911056,0.6854223834483812,-0.3896871455746408,-0.14821357565307594,-0.8052439066459449,2.390004595751743,1.9647884170751364
ENST00000643891,2.062705882117159,1.940502046853132,1.4234153718437517,2.098776842281201,1.4503045570868836,0.8743936402692731,-0.7351095424576578,0.207263911741288,-0.9994502698775896,4.130877711448777,0.6457675989450845
ENST00000644246,1.029925550161203,0.8306273631278875,1.3708395716599164,1.2941285555409516,0.9452165522055417,1.6547078542501794,3.827501496231796,0.06481625433777032,2.98699111533485,-0.49733964330089464,-1.1070566851753958
ENST00000644557,6.062697451252499,6.0522658293149565,3.5948033852014833,3.819261903803083,4.00568163346423,3.719015001803261,-1.568294415413349,-0.18157969360344944,-0.6515424461727138,4.562598574479731,-0.2274475930525812
ENST00000645030,5.972466238719191,6.0322482312521,4.427536183102692,4.637706314771888,4.881618929930605,4.370111045938661,-0.03206921419270906,-0.5486069910575581,0.263206335042748,2.923276326015625,0.9388223044410172
ENST00000645805,6.1575794437343,6.13901301309988,3.5763636850976885,3.3106188445887064,3.546669341974453,3.2497343748596577,0.11511304639109046,0.599957453772607,0.8653575257007072,-0.57708149986102,-0.6417074170161867
ENST00000646849,3.860553793168363,3.8412342722412824,1.1318602255861785,0.9282370969849938,0.9437365198584597,1.1869098176805606,-0.40430384649723666,5.96612753875287,-0.2089141224554287,-0.4119539213589896,-1.1073568859267808
ENST00000647105,0.7783012827381897,0.7076398886565546,0.8578606602827299,0.4916430269687801,0.9728060221910577,1.2348383472644744,-0.11397765890070764,0.04620822701929279,-0.7148764180895989,4.732773889921296,0.39074832208921667
ENST00000647523,3.5078191356551955,3.3982756013802087,1.9575531612970039,1.532918841757732,1.7245752197850246,0.5271759262211438,0.9786673797565961,-0.3452020027831657,1.0108951274559979,-0.43197454670505603,0.610221826198873
ENST00000647601,3.1892316731278183,3.1845205417710845,2.5982454710774414,2.421998781407562,2.725163474651845,1.8756874845082714,0.7167177808608581,-0.5242240587092082,-0.9143490134360355,0.29852279480826255,0.06262089386049757
ENST00000647781,6.016148749458855,5.975370800595602,4.951098139159704,5.328952986506221,5.055989836404109,4.480078919586498,-0.04552043893077903,-0.6403638154210852,-0.20782724575261263,-0.5027435089202119,1.712960945890761
ENST00000647863,9.1531736491508,9.121016443660139,5.523727729754706,5.57946700965939,5.472953119463476,5.501435233315923,-1.2468401631420654,0.33880341519949125,-0.017522541154551128,-0.18152318168369166,-0.4841192466420751
ENST00000647954,5.059340491333582,5.022333980840152,3.6757286105265083,3.928723039886625,3.655362069558392,3.8656207449077575,-1.6421942328824992,0.0019339551236048581,-1.4219768692974257,-0.2961579069347378,-0.774234131503112
ENST00000648102,4.691219809899119,5.0028835421431825,2.627728070098436,3.1550883776483314,2.7281738623116483,3.0612892854465477,0.4012662157425175,-0.27526148631026737,-0.016264710231563645,-0.6034582479484323,-0.5042448520061582
ENST00000648217,4.444022426779986,4.2745308228820775,2.9712318486247455,3.218955783003717,3.175852209192393,3.2169650023282372,0.4658639771502551,1.4110107824124556,0.6689843114509865,0.017103718501412648,0.0823674642776508
ENST00000648572,4.562341841915242,4.58184698869346,3.5922105118192658,3.604036170301958,3.56324646232888,3.3658471687649993,-0.40393746707412403,0.1225653046364937,-0.6325422692748911,1.2498586274262,0.25929901245143
ENST00000648574,3.00265299595722,2.664834944842476,2.317264571993606,2.6693968546785154,2.1912018343981385,2.9006931364427766,-2.1342847432985823,-0.08918121312549204,-1.3046918475150204,0.14299520680473277,-0.011011628987638161
ENST00000648938,4.407500487322772,4.409228519019509,0.3561515498659263,1.501832955083409,1.345566029690395,1.1481667361265142,-0.2965372088907009,-0.5453987104854068,-1.2908097078142151,0.5040632365378516,0.9186614717242166
ENST00000649120,2.6472112626200617,2.673981155066592,0.8513120194592351,0.18963850261911366,0.25576399856254783,0.22828970644097948,-0.5026996000751307,0.6666896896733541,-0.8817508486157452,-0.05226395477807498,-0.4920932739597804
ENST00000649268,7.789483826213985,7.6490793282342375,12.20519410085553,11.976514186886178,12.060481377658903,11.910262499432203,-0.1128087708374375,-0.44465870051985595,1.203079913769438,-0.5865034260196289,-0.18343669485928027
ENST00000649401,6.9341104686482575,6.903085657186096,5.711562929054785,5.806738430711419,5.934264471318996,6.117686961696046,-0.7726039643208502,-0.17516313245914686,-0.73888486949796,-0.0038459381832183243,-0.23758058093205628
ENST00000649496,1.7415551906003086,3.5195369270669095,0.3782084707391232,0.3014974546201581,0.6306573563973861,0.018220563554661458,-0.7260606524460724,-0.30670263591735014,-0.2699441356232356,-0.6025756681767959,-0.45814833677886474
ENST00000649541,4.778570559673098,4.820974576097735,4.328440265747461,4.609989557202083,4.486703510454904,4.482487513470844,-0.9589267443132313,2.6153993091980534,-0.24983018274430593,0.4352065304945744,-0.5043261805058586
ENST00000649562,3.163404964402999,3.2495089962319317,2.598581724438919,2.588984904178491,2.240072900843081,2.583241988641903,0.7912386976445394,-0.36701831067379453,-1.4954977787351458,-0.5033473792902788,-0.3549799455558747
ENST00000649774,2.750556556513811,2.7059702769763008,2.465364649209928,2.696775928453295,2.10685582561409,2.6199499148552245,-0.27808107417061434,-0.313760853176083,-0.724238003247822,0.6042670083298614,1.9345946131087288
ENST00000650155,9.64244050394589,9.62501022629932,9.787881569021454,9.810377031918971,9.751893201249606,9.860353151539488,-0.711842613590591,-0.39268455525100493,-0.26012764933261334,-0.48870739378006556,2.9839555779493665
ENST00000650541,3.6888977507451823,3.6180324362357155,3.1542473438925445,3.3254638412171653,3.188055943075467,3.054786986931302,0.2115018966679401,0.22394697071647476,-1.382438402154283,1.1068110270707208,0.11194484612249934
ENST00000650553,3.350898692148639,3.2800420551126144,1.9287303261312496,0.6040917965686993,1.7146114118705866,1.379708594556771,-1.3610591879327834,-0.1251139555335866,-1.134467010479754,1.8677651126333146,0.05196332571384545
ENST00000650887,6.700889523784757,6.45078696607995,3.3690472338584514,3.764404662054709,3.5438167556948383,3.921111627398287,-0.9085807498876789,0.035300073073978366,-0.662929351761923,-0.463909998968213,-0.7961406690644903
ENST00000651006,1.2171619441960804,0.9127817111052071,1.0466140412582812,0.969903025139316,0.29906292691654385,1.4235917282400257,-0.8073448116169497,-0.5332072443112318,-1.306242092357628,0.8819002819320607,0.8451198699108454
ENST00000651080,11.053356264107553,11.006676638575158,9.81376298735848,9.878422636275896,9.829784361956461,9.925556366709033,-0.4087301034473681,-0.2303455583001492,-0.23997640282740731,-0.5627589333914829,1.529855343737901
ENST00000651115,8.804867070494874,8.85101824850156,5.583621570930347,5.59277129146522,5.441305352336027,5.499465344043793,1.3825963374191321,-0.2155874676682532,1.2619325845792735,-0.5142557555905911,1.4682622344213996
ENST00000651233,5.4874003554339215,5.0531854376699625,1.0988138742016562,1.1782220599999733,1.6731908547472814,1.3465085442384344,0.06923407478420805,1.6772980699010134,0.5382371011456426,-0.5833911710354376,-1.1781515438877794
ENST00000651327,6.103988185733346,6.160945871902762,5.1050108226133855,5.325281544251553,4.895879623055775,4.996561682424889,-0.9247232993425566,-0.4331088904601113,-1.1993984918271203,-0.3670429980672142,0.9749604858230089
ENST00000651399,1.7473936344460816,1.6620358390779069,0.8397253200725051,0.3035826853162429,0.27659877686819523,0.9271963898592643,-1.4696507155414187,0.058399693193467724,-0.6098816980745922,1.8548670608829099,0.07367824732699074
ENST00000651403,3.815397163311147,3.850026904223435,1.022910055140647,0.8780275363801024,1.1896290667730256,0.992229773209145,0.14874326584018802,4.16179054497498,0.18562348170791254,2.3479117341869467,-0.9468352870997728
ENST00000651409,3.4522161850623463,3.3961091577805798,1.7842591175911346,2.3994258061098375,1.9801244748830298,2.4607970864317865,0.19901262698708483,0.2810543649007679,-1.26244737666251,1.5229706151807183,0.5198338637683778
ENST00000651563,6.790652023660043,6.761278838069041,4.3185770189280355,3.8268285035302267,3.954354544137804,4.004882764017509,0.517108571257109,-0.185429630290031,0.46917796597366473,-0.5996724452437816,-0.6141331266934835
ENST00000651587,5.132063281411229,5.057831745626525,4.113922084226873,4.166253013109647,4.30386955142405,4.027243566709594,0.10117133754027614,0.6506482868125976,0.4995694264227348,2.4000845857751685,0.43421854918658154
ENST00000651719,5.682575715489867,5.610974294509567,0.3404833731300558,1.0007379511772971,1.3298978529545247,2.0710980147265006,-0.9826146319871737,0.21111384842786957,-1.2076837212087574,-0.5677292510528033,-1.1450062554206497
ENST00000651788,3.3701132711538935,3.1676253966817796,0.7195340719250061,2.294899752385734,2.7344836438566125,2.6814742596279064,-1.2564616058001767,-0.24253702447432413,-0.6110299637866446,0.9560214988938703,0.7305959092455692
ENST00000651959,3.9217971163805316,3.9439542314296108,1.5924469382668176,1.5157359221478526,1.336748920254755,1.4288562438858594,-0.8192777205518132,-0.07506477860802632,-0.6051053356943854,-0.30904047482949976,-0.7170581839748792
ENST00000651999,3.020423413777136,2.9065539540993597,4.029522292384508,4.4844243523937655,3.922967713678254,4.469387685321642,-1.401803368337927,1.0465501094160679,-0.3459973627136184,1.7349600827855098,-0.3747779043990029
ENST00000652002,6.118641033633795,5.661846624308115,3.0692440944885098,2.2082617694249818,3.3332809544219844,2.884342893862139,1.645924757006767,-0.3310855682657,1.2601311817469751,-0.6033421190311117,-0.909415785160593
ENST00000652012,3.825772918753501,3.6708688510786387,2.2783147639214776,2.3072139357631114,2.678194013234966,2.3287916262260353,-0.9723905189518389,1.6683148842989897,-0.7883765153092009,-0.5461370143589985,-1.177381430127114
ENST00000652174,5.524472552122391,5.1036744244744945,1.6486224069385145,1.6714470643704638,6.069661476918487e-4,1.2182451718626548,0.9801130704094267,-0.20852925040952036,0.6126988715739886,-0.5577886157301625,-0.18288628870731255
ENST00000652260,4.216010203192499,3.8544405872603065,3.9341393119998687,3.933377149114202,3.8226248829735567,3.6562524850303006,-1.1764840390600997,-0.1488552317675062,-0.5176565259314845,-0.4031900590651972,-0.27735721039850686
ENST00000652324,4.607838439000438,4.515455455883633,2.933329782867221,3.5985506138078116,3.1091573869225715,3.5608509314995622,-1.2511006155966633,0.28811258215950075,-0.8503509965997968,0.3403988823940604,0.7471495446470167
ENST00000652364,8.346571638511673,8.210283249004158,2.275981201181943,2.561840264447686,2.77996885383617,2.720073084022224,0.43234425658414194,-0.22906224607128867,-0.17372893117382956,-0.6194995223943137,-0.9820873064858636
ENST00000652620,6.371221742110156,6.347623194145788,2.0474171000270758,1.3857435831869547,0.7149034849641824,0.8394322862876641,1.3396490782631527,-0.34135206609658414,-0.2940167387867256,-0.359138489761594,0.5967916071549528
ENST00000652681,5.194641113958217,5.207464492021421,4.264819958442348,4.319353475601635,4.031842016930369,4.392438176487375,-0.14593875373210077,-0.39717614805201673,-0.854879774471441,-0.27424825120025675,0.2582761189229719
ENST00000652683,4.813231659100808,4.665213977011185,4.441129127726671,4.958779310331112,4.4723637832457674,4.503233477355003,0.9591677021943108,-0.5447570543709765,1.2675337789363639,-0.46121580808637574,0.9146709454549702
