ensembl_transcript_id,H3K27ac,H3K27me3,H3K36me3,H3K4me1,H3K4me2,H3K4me3,H3K79me2,H3K9ac,H3K9me1,H3K9me3,H4K20me1,K562_PROseq_1_PROseq,K562_PROseq_2_PROseq,polyadenylated_mRNA_1_RNAseq_ex,polyadenylated_mRNA_2_RNAseq_ex
ENST00000493536,0.915390762790795,-0.206829449141289,4.21058283017759,-0.430285368303712,3.72578020978378,0.955970107960613,8.2737019494027,1.06417035828443,1.76086720692741,2.08829067507401,3.70490062864597,8.300911367966847,8.252841994156725,8.253566676669243,8.054995861824294
ENST00000359074,0.568260595188619,-0.26932549513981,1.16502716533831,0.751826675171647,2.36419616594321,0.526753194270149,0.3536256108766,1.80719055014524,0.460704908581906,0.365598156343463,-0.010055191943604,6.56765715278059,6.529520618155891,5.1829677639024325,4.901855321374557
ENST00000321517,0.917219742476281,-0.143274148125844,2.31412608975894,0.0801333184182639,4.48288358067567,2.33596178857326,1.70381593528791,2.47285703274625,1.21655997788067,0.515563658612625,0.690690245222431,6.633706545512972,6.604725567445557,2.685127300964317,3.1448815784710007
ENST00000313064,-0.259266493204078,-0.466346928287689,1.38476452786089,-0.0185656419007806,-0.295091426962355,-0.174879804649249,-0.240532197943522,0.0955904653230256,0.740577337313604,-0.572247879700582,-0.521747295234452,5.895277325161452,6.01391721132555,2.0655610500278208,2.042714544443026
ENST00000415205,-0.0431698578450648,-0.477998733473854,-0.590642548875714,4.76534736560934,0.2634451357368,0.319587705932244,-0.110330241601093,1.64279733269603,1.60289317037557,-1.1530486365197,-0.446890831688137,4.395403436467586,4.503965496503564,2.060578272559185,1.614443340010211
ENST00000359941,-0.301788150745157,-0.617820395707832,-0.38109906801301,-0.0946520162101306,-0.202475945313944,-0.20224517615887,-0.110480876618131,-0.429167545178668,-0.762301954520161,-0.204154948802698,-0.537341156551426,4.355668534291858,4.289332268218232,3.9838617234267404,3.9814640538682466
ENST00000397841,-0.197375177540975,0.146432099002892,3.51614496019975,0.114692176282137,0.0102111692391582,-0.157346714862935,0.0981347172089887,0.131547335322004,0.0635457520914288,1.47191509022625,0.591257144733584,6.5544958817328745,6.641464284415053,1.3079057421040559,1.558343739046812
ENST00000577000,-0.205290391017575,0.43666797364009,-0.473238754633489,0.874418179199048,-0.444858194886485,-0.16418805774034,-0.248017599559421,0.274844086609445,0.730307389595741,-1.03446587642424,0.118727571480234,4.619480790910051,4.55406969330267,3.2415583743583163,3.146303373245471
ENST00000424751,-0.262039644782844,0.547889750417119,-0.331151369948329,-0.468541881741497,-0.39235647708244,-0.204548542856287,-0.0290105070184645,-0.465522461709,-0.503917919580298,0.159467967896274,-0.370552061932985,2.478980149557004,2.591800782911465,2.2172518033449466,2.5648882266943462
ENST00000466075,-0.259990169864795,-0.475880223440006,0.341389392044855,0.195613946341988,-0.0684964643621741,-0.142357642026007,-0.0491353452947696,-0.0283346881051873,-1.06248533080852,-0.0631989570173512,0.0874805565979307,5.478447196231376,5.273421132128651,3.2719393262803824,4.5100102855172794
ENST00000574306,1.23526432741391,-0.480646871016164,-0.270313169609202,1.65206358989723,2.55542090511696,1.25190116066766,0.269559684060274,1.2600092517106,-0.266956864752536,-0.610625151864288,1.89782112945167,7.066358795636343,7.108916288969612,3.634304601031054,3.3705862535021502
ENST00000340510,-0.277728728638248,0.212105910052185,-0.397910845511303,-0.152534547694066,-0.31254160880991,-0.195988269607675,-0.230768731377645,-0.312672593669063,1.75285403116029,-0.117533948264217,-0.552282803136513,2.749422124057029,2.8840638699213788,0.03801358297326157,0.5330153822510858
ENST00000456953,1.42101742653798,0.0288547921243192,4.80630955907084,0.0421612400246258,6.51921888458647,13.1974702609431,10.8948091824126,6.27645700418798,1.17721364952211,2.04984392082431,6.00914563028451,8.626255850743387,8.634028376752033,6.303232603391887,5.947848543905218
ENST00000360656,-0.0200602613553477,0.0352103222258637,0.160546680502442,0.382061117780413,-0.183268896644931,-0.204514164248863,-0.0955795972403512,0.259718318417993,0.382437440783033,-0.292744608444327,-0.225286053466869,4.602887193928564,4.67005205936066,1.125097937951111,1.3273179880010897
ENST00000358234,-0.125883838675538,-0.405969392323016,-0.366562917855646,3.04465756604144,0.468712552271837,-0.116333036205928,-0.154107095014198,0.162727646944734,0.994873017270242,-0.0468938275042253,0.791576005795939,6.682068014478021,6.7481710935033155,2.0574252664473454,3.17970037130429
ENST00000425932,-0.295829125742059,0.240705795509136,0.36625874798501,-0.328742057543196,-0.441998179130623,-0.173951582248797,-0.282251145277705,-0.0473082394330614,2.0092756557082,-0.0599101382803287,0.52105512268302,6.817384100968757,6.830884310035795,1.6976702026696904,2.0024599863602166
ENST00000650421,-0.0488037937232307,-0.611464865606288,-0.2400101728754,-0.13148635442718,-0.177503922028471,-0.208536461317488,-0.197116868571308,-0.163272462234194,0.41723751840025,-0.0615313869535088,-0.355313954106131,2.124937716811596,2.2698225847947042,0.7294909686211688,0.06921454242108209
ENST00000444184,6.78039433723429,-0.201533174056668,1.18711003882018,2.29303796188272,5.15227435407205,5.12169472675925,2.9652497901985,9.65441255143517,-0.537213482563688,0.0448456867024391,0.611772262663901,8.359571614811122,8.369864001264192,4.8136713185702025,4.837762070338472
ENST00000379526,-0.0360829149215516,-0.532020739336982,-0.262069825670122,-0.275837139331835,-0.0222418381162915,-0.194991289992375,-0.242624865949453,-0.278573274149737,0.439314635309669,0.172206350328404,-0.64403755746358,5.741179179780166,5.6749171856332925,2.539218815432584,2.496625961674911
ENST00000651858,-0.209304534994994,-0.445691455457669,-0.287264271230409,-0.386624589027131,0.427569182755359,0.144910001610158,0.781637630827174,-0.0742427213880157,-0.618555393309946,-0.588390884346389,0.0607990448388482,5.134269526606865,5.081070180649438,3.1487823432784694,3.1651146815613602
ENST00000414008,-0.235068554861328,-0.0961372998727224,0.14612663378084,0.495977352961328,0.0924774795881421,-0.056720530932459,0.165118633093181,-0.146554507917326,1.34114033092953,-0.45769508059274,-0.13729635691025,6.638147392683239,6.689893321905215,2.890910517954315,3.8379440239931846
ENST00000438217,-0.167568745077663,-0.549498447116229,0.217367701964215,-0.440098377326787,-0.370906358913473,-0.218265607218522,-0.270258280459662,-0.477198493295385,1.43867212740936,1.93387831930127,-0.00335516787965663,3.1776439749989205,3.2667756634978713,2.096706052881886,1.8649713903103908
ENST00000645156,0.254218846780589,-0.517191169100045,4.34537891909691,0.107154647612239,1.79257298829259,0.222502518566456,1.78417160576149,0.463120095939888,0.70450169294162,-0.493640479746676,0.950657108128424,8.469530997791306,8.46399332114279,6.606128662695541,6.287384853758732
ENST00000398043,-0.0997608073408013,-0.40967678488225,-0.0985729674305052,-0.0899588379817034,0.784617635454012,1.24416597399723,1.20927885688966,0.677799858516814,0.752776988583549,-0.826019618443935,0.158631254622151,6.263373368805088,6.3128598248413965,6.405442911551431,6.32557162566328
ENST00000304751,-0.213558962238667,-0.539965151963912,0.151258405641506,-0.426587712729799,-0.439505879686229,-0.197638442764034,-0.312899577590479,-0.233594016106735,-0.242263200653853,-1.04488818932325,-0.527676520069803,4.44635666016035,4.708067803547591,3.729663787864414,3.17954301786127
ENST00000400282,7.75224403592497,0.014025221887382,3.01578559344116,0.504510404285741,7.64773615874502,11.9889934527696,6.4390462355785,13.9448234307228,1.03876559637015,1.524003494026,10.6482600798362,10.44278124971681,10.440803732862085,7.420237201268945,6.92555755000734
ENST00000614528,-0.0915091972914454,4.60430683772789,3.11712067217396,-0.147414716899418,-0.305841000467604,-0.167660297090179,-0.144883597047858,-0.330186641048639,0.882852090729858,0.798124141652591,0.718201848458463,5.945456374057775,5.913826955085696,1.1011511001532666,0.8512620643201398
ENST00000409910,-0.290166921244334,2.6870552570953,-0.705004433100981,-0.471670667227115,-0.456604688169492,-0.194509989488437,-0.288044799779174,-0.315458919388541,-1.27661701140995,-0.916925347618678,0.459539415016247,4.182947975099818,4.204846169372693,0.8407715295185265,0.5828661907611228
ENST00000331944,7.96927918945335,-0.468465438321537,0.691510912927818,-0.468541881741497,5.41473799998754,1.73767088357085,4.87545012379826,1.23440159152683,2.32162597642664,0.454674190587045,2.35944092900798,5.966868219099589,5.950604331769023,8.635194955687489,7.976358553635537
ENST00000452622,-0.280555590594177,2.43336368054198,-0.516916867167038,5.80751736736432,-0.193205408528156,-0.161300254716711,-0.288109688709591,0.207574222810618,-0.192679631417292,-0.396388720051199,0.768096275447947,6.003142141591754,6.051258168590013,0.510295504902484,0.30177819310724413
ENST00000442383,-0.143554552762049,-0.678197931672505,-0.243562938009708,0.0727380072704393,-0.0318800912135477,-0.190178284952994,-0.0794940948824708,-0.312274547137709,0.497369276071474,-0.453086102221842,-0.628562280643312,4.879471390829004,4.84724646115722,1.569129912260257,1.3166482454578758
ENST00000413221,0.0368133743359816,-0.572272429980097,3.56850760972827,0.0316371433911829,0.780695328131686,0.340902442535215,1.921008455239,0.328447686165117,-0.539274013475233,0.313370788371731,1.25458917318855,8.51070390681188,8.541492510998815,5.3386912457455615,5.330254809868825
ENST00000449457,-0.314760620260914,-0.600872315437047,-0.304006386667245,-0.441378335025449,-0.422386642518995,-0.21651229823989,-0.301833697492672,-0.35008896761634,0.0414686351820101,1.57398427455061,-0.158908381435107,2.9564924949444547,2.9561184364540383,1.6678314169293664,0.5602980860380846
ENST00000437492,-0.274788792204082,-0.678197931672505,-0.450041288168303,-0.496985386156207,-0.275259260563847,-0.149474013762805,-0.00575477784956517,-0.43434215008627,-0.74398612419531,-0.653472438226906,-0.440961606852785,4.569040157869855,4.584877807883867,4.254904133386558,4.128163582668466
ENST00000412606,-0.162610429206964,-0.234899707089777,0.26081360762624,0.266296054812543,-0.262327903610555,-0.197638442764034,-0.160232146553152,-0.0906953113506478,-0.237913190951701,0.494441104470621,0.219168640191091,5.579090884565572,5.58653605311997,3.9090770573578513,4.224390886253466
ENST00000446986,-0.235679157043809,-0.419210080034567,0.455449407337143,-0.496985386156207,-0.3652884708216,-0.217715549499735,-0.2534566824054,-0.287595662193761,-0.554613521372296,-0.830651757510164,-0.506924233146072,5.432246757981552,5.235319192839594,1.7054633621631463,1.2154673247802172
ENST00000440955,-0.271549208402588,-0.551087329641615,-0.705004433100981,-0.525428890570917,-0.419032252611048,-0.205820551330981,-0.257686050191473,-0.450662057871784,-0.935648205808931,-0.389394190061194,-0.808573546644588,1.9364207837940284,1.9224910561343913,0.24803019736890006,0.3405188067620752
ENST00000412413,-0.277754170395851,-0.367306584205287,-0.00757109448048996,-0.272281701279996,-0.292443869519786,-0.217853063929432,-0.105289762184814,-0.3527426111587,-0.0370277804959232,-0.0518733770004214,0.212172154885376,3.1502684059719637,3.0937248624298532,2.2624362291420383,1.345221048203397
ENST00000431979,-0.260306778403859,-0.668135009011726,-0.38746153629275,-0.366287483370613,-0.468044751192941,-0.218265607218522,-0.307750177469573,-0.457296166727684,-0.655808483917098,-0.292165591061048,-0.459490434463259,4.666240176566432,4.508323198208635,1.221456953585505,1.7239338734254759
ENST00000421185,-0.196959628833453,-0.488591283643095,1.00431678955697,-0.23558958058502,-0.256824416148917,-0.218265607218522,-0.0664653246395658,-0.42903486300155,-0.189932256868564,3.14733662978593,-0.518782682816776,6.298538316457666,6.350303358906603,2.1100125861995083,3.411768309800401
ENST00000457079,13.0137973886364,-0.238607099649011,0.303005596182039,9.07524937204831,4.02323410560385,0.515958311538967,0.323929655363867,5.56501517048126,1.81012370776531,-0.0603501914916204,-0.0911373415670379,6.774734176210572,6.740940235115344,2.1716687995376116,2.0937809303948547
ENST00000430068,-0.0125775577580045,-0.512954149032348,0.284498708521626,0.0410234998480374,-0.00398676612030141,-0.187874918255576,-0.127447014460235,0.384174200554678,0.448276309432899,0.673635404247688,-0.014709633439355,6.42942451749428,6.527787041907381,3.059739379718285,2.436457161000399
ENST00000458489,-0.319707628683789,-0.305340165715228,-0.187763626782638,-0.365860830804393,-0.450986800077619,-0.21269627281581,-0.221359836467258,-0.424656351156656,-0.226073314920279,-0.561454995676268,0.631397996868915,4.121977308097729,4.321809519533707,2.0793353716544196,1.6294787251247043
ENST00000420081,-0.175082544156521,-0.678197931672505,-0.700731826664951,-0.275694921809761,-0.22678199350198,-0.202073283121749,-0.124174758397805,-0.412847637393154,-1.27635535669103,-0.820738979908433,-0.584004156005644,1.4843881377285597,1.3668456386379928,1.206992554846666,0.5897848505384651
ENST00000652681,0.906760353239345,-0.391669449594541,1.16110286920956,-0.120535605227517,2.95301620976015,0.760699617791463,1.34182376711248,0.864218317367605,0.0602750681048483,1.79113895397542,2.04857167089049,5.403037781544088,5.449615059006628,4.573066778673531,4.574822246321814
ENST00000456414,0.156771261435816,-0.0749521995342407,0.195006180236512,0.415766670511845,-0.34557479079012,-0.196366434289341,-0.265178404192774,0.952717329505312,0.79074962966775,-0.434928117082224,1.26348301044158,5.168852382528365,5.135628873918556,1.2508168219083835,0.9482447199211892
ENST00000431150,-0.27622766493965,-0.0304634888234293,-0.0141889903189065,0.00703351207245862,-0.417929103676644,-0.170204314039565,-0.256198239715496,0.235570162182517,0.718500220404185,0.520682172280808,1.97605725115414,9.722427925744567,9.699244318321751,2.386926581039508,3.0380475822346145
ENST00000650308,-0.229248046094071,-0.502361598863107,0.938532582854396,-0.432845283701035,-0.362644999115825,-0.193856795947378,-0.176509998240481,-0.417889560123638,1.84786740097045,4.55001782112605,1.34667003488156,2.817740852188381,2.9868821448981104,1.2619748121489756,1.6347483520157837
ENST00000426413,0.368862233403277,-0.256614434936721,1.38959443078857,-0.3185023959539,2.15742928400474,0.280464850683566,5.31167986329372,0.475990267120334,0.337040347049295,0.776677337775951,3.00059765657873,6.932836036981822,6.949974079922492,3.8937658572930287,3.935548218812888
ENST00000425195,-0.283947824941291,-0.296336498071374,-0.168606559881959,-0.461004353071599,-0.461814002581955,-0.192687923294957,-0.324486886593419,-0.397589187024584,-0.404979728986236,0.458101973496055,-0.221017011585416,2.2314538354962434,2.271491692285391,2.2516526823262546,1.0064137554050117
ENST00000606727,0.0234083949409677,-0.330762286121406,1.27430371907721,-0.0854078772753498,0.27459511144787,-0.164359950777461,-0.135773654709747,-0.152657888064754,1.58562395892642,4.10952455662301,0.280180363746859,3.0674610572484977,2.608881640322864,0.4441705328739838,0.2229652981523989
ENST00000413004,-0.127777836186011,-0.292099478003677,3.0405156252584,0.105021384781135,-0.272652560489218,-0.158171801441114,-0.120821391172354,0.0679925724824813,0.761019112229732,0.38051364413672,1.27554898298152,10.273327589968474,10.28732769694213,0.903050205432666,1.1052702554826443
ENST00000606714,-0.157366600278716,0.0436843623612563,0.629604560979683,0.287344248079428,-0.0627151467985381,-0.160715818390501,-0.221612439803522,-0.110730320095466,0.522847904326936,-0.658590951895089,0.37208334869481,4.576781899407014,4.4889623674795445,2.4513381729763224,2.7398890947867205
ENST00000607221,0.762457530975053,-0.678197931672505,-0.415326360875557,-0.171307260607775,1.58183885592706,0.742547713071514,0.371750479618997,1.17084682868731,-0.021917220477921,-0.476339440334311,-0.762622054170613,6.019146497218414,5.978702487227272,1.5114716789778113,2.3177630526966504
ENST00000392471,0.704455977363308,-0.359362171578357,1.06436548653292,0.920212221306731,0.90983321098246,-0.151639866030526,-0.257185478442546,0.114033287942428,0.476600432756687,0.427275088010301,0.0719163414051325,2.0608669450267043,1.9433244459361374,0.9718890817606644,1.683382700935252
ENST00000417932,-0.272694087494739,-0.678197931672505,0.0733065588711055,-0.380935888144189,-0.377790825411513,-0.196916492008127,-0.227971554984335,-0.321960346067323,1.40773145689631,0.0909123097160859,0.799372936454427,1.5010284034163879,1.6978008151033082,4.333549671721583,4.236925239997239
ENST00000444130,0.165882237519774,-0.608287100555516,0.586832055245075,-0.406392824595355,1.2671635795199,-0.0306615465049562,1.76347667188224,0.0508765716342592,0.0733578040511705,-0.586885439149865,-0.30749475580902,5.074575618620726,5.057588708404503,3.0988011942428835,4.626407658952635
ENST00000573167,-0.258245996037987,-0.11626314519428,0.0979901493140416,0.913670215291348,-0.0600185605144393,-0.145142309227363,-0.1891981015987,0.38205128572079,0.370990046830001,0.562556709439518,0.932572972380602,5.861721149527713,5.859311383923829,2.508734957532414,2.6037501131368805
ENST00000443448,-0.0250242309499585,-0.245492257259018,0.98662262594689,-0.390606679645191,-0.394910062578746,-0.202863991092504,-0.291407436851827,-0.240493489316871,0.562684835283487,0.750297305793777,-0.25270871833037,3.8464056219633918,3.9454028179638354,0.7301024096309098,1.154714881017336
ENST00000418567,-0.292993783200263,-0.598224177894737,-0.357855160173519,-0.496985386156207,-0.471415484048064,-0.218265607218522,-0.312899577590479,-0.477198493295385,-1.27661701140995,-1.12305553606587,-0.858230804640658,3.082713565443166,3.0599331825890568,1.0603839675795796,0.4723964021863724
ENST00000439156,-0.121900790179635,-0.678197931672505,-0.356694125815902,-0.473092842447851,-0.062482259801275,-0.170548100113807,0.41607193655524,-0.366541557578972,-0.283637353084097,0.126556619830718,-0.11114847538635,4.330733342554285,4.321664881498189,1.4300071027182568,1.9840294158082816
ENST00000456091,-0.280609300971339,-0.406499019831478,1.38012039043042,-0.448773646173273,-0.450909171078531,-0.211389885733692,-0.276225744596176,-0.39851796226441,0.0267505572423976,-0.533615839888232,-0.00738704076769584,7.000742729534359,6.961771484596589,4.1361882438236535,5.118201708294994
ENST00000424612,-0.305700527692162,-0.441984062898435,-0.100105532782559,-0.471528449705041,-0.45057822639821,-0.182305583852865,-0.308728146349421,-0.319704749056317,-0.842433712191385,-0.652893420843628,-0.56547532839517,5.302576966963011,5.2793630211337925,0.7883993527365489,1.0235340252592622
ENST00000431981,-0.316386065885573,-0.254495924902872,-0.203437590610467,-0.431991978568594,-0.442815326489441,-0.20987722700703,-0.262031291067575,-0.354202115106998,-1.23491579058105,-1.16069166597898,-0.595121452571928,5.319579414725922,5.420427406414307,3.1951545409699804,2.532615063261325
ENST00000431759,0.515782729838759,0.789399894275809,0.874977562118445,1.440870569618,1.87431223859513,-0.0296989454970801,0.413592252428612,0.700753875158228,0.842949746093575,0.016983370219072,1.23775017465615,6.605579599102844,6.622117137767378,2.0511745596454105,2.5009576067667427
ENST00000436295,0.12307224005919,-0.465287673270765,1.96702325820578,-0.0103170256205147,0.41861733343951,-0.121696098964095,0.721001242814793,-0.118691250722546,0.299852670121874,0.751246894302354,-0.191934163768016,10.001276409521024,9.993376448309151,6.2038750513352285,6.37923693232096
ENST00000431985,-0.19836457922555,-0.189351741362041,0.249644457105965,0.628666301055951,-0.155914888808504,-0.174536018575008,0.00130884571862664,0.142958002554152,0.28670452049582,0.267605254397389,0.0106674488559501,4.336109822198463,4.3682341038743076,2.339115523576594,2.071850290325352
ENST00000416894,0.147176891957394,-0.318051225918317,-0.424034118557684,0.233301589691479,0.419879826108884,-0.138025937490565,-0.149594996888453,0.492973585791438,0.145214731236345,-0.0778596771619658,-0.374998980559498,6.069586168961543,6.224102104355404,0.3970864472597297,0.7170015399794627
ENST00000447643,-0.281191634534261,-0.545261427048533,-0.189040764576017,-0.516895839246504,-0.454153246093038,-0.218265607218522,-0.302413062942819,-0.35141578938752,0.18946708557478,-1.08947252783571,-0.141091060804876,4.862043874476538,4.7657961537492,0.6020108377960763,1.3455109497498137
ENST00000647601,-0.142163736679732,-0.636357358504004,-0.258517060535814,-0.363300915407069,-0.0964796756648904,-0.137579015594051,0.341498333274123,-0.395997000899168,-0.365731521147269,-0.234727066639809,-0.249002952808276,4.094237191776264,4.095596180194074,2.559986173700596,2.857173574362638
ENST00000650196,5.67161427226038,-0.436158160305352,2.07567285339157,0.178405626171088,5.10275522412769,2.97024709554876,6.26996654006941,5.18076758554753,1.51818245512313,1.71760374629904,0.880514378326214,8.678137856459994,8.682589573576518,5.286606115683699,5.049227381364681
ENST00000449005,0.139193833793851,-0.475350595931543,1.5601039365482,-0.300725205694706,1.03312849021769,-0.140123032543437,0.817069304296362,-0.0692007986575316,0.420050306628709,1.51047764795261,0.443441569588267,5.606676882135305,5.633162397221639,4.290677469117459,4.4004166031504734
ENST00000426037,-0.134539689984592,-0.562209507319318,0.47667311539438,-0.215821345016796,0.564698766775372,-0.090136537348729,0.117937428295012,-0.0051153071095372,0.579496150974511,-0.0240805426030477,0.0919274752244444,7.2749003314147105,7.249690559325372,1.6962546391472368,1.161509095031009
ENST00000421326,-0.295766934779029,-0.526194836743899,-0.39152515654441,-0.496985386156207,-0.450986800077619,-0.204514164248863,-0.304440842018334,-0.424125622448184,-0.755106449749684,0.636230881287889,-0.643622511725105,4.333631636648025,4.226101624129418,2.7818952052520673,2.4695420824722873
ENST00000523151,3.96100660431707,-0.565916899878552,1.41801655186304,-0.15068571990711,2.4566890754878,0.317662503916492,2.58398792715118,0.433531970442574,-0.0618849787939354,-0.415496293699394,-0.520264989025614,7.2256262288406745,7.229401329353686,6.39444859932409,6.417883890319536
ENST00000437892,-0.319707628683789,-0.678197931672505,-0.705004433100981,-0.504380697304032,-0.471415484048064,-0.213315087749445,-0.324486886593419,-0.477198493295385,-1.11308281208093,-1.16069166597898,-0.858230804640658,2.571288993964115,2.9922142848519204,2.2661553098711193,2.4415960288054976
ENST00000425894,-0.283241109452309,-0.468465438321537,-0.705004433100981,-0.496985386156207,-0.423408076717518,-0.204514164248863,-0.303687666933142,-0.457959577613274,0.419101808272601,0.186843909777687,0.095040318263004,0.10700481713938184,0.09248179296412942,1.3525378554945875,0.6840409224895323
ENST00000450890,0.716300528958649,-0.595046412843965,1.37482607375969,0.202155952357371,3.28597515832086,-0.131459623472553,0.995238084987359,-0.176938726477348,1.61384996173061,0.159305843028956,0.668544590462393,3.3526508530170362,3.378793478176358,0.8868333118078915,0.8964082839154739
ENST00000429829,2.20014863824518,-0.0791892196019371,-0.201394170141061,-0.473377277491998,1.19221890950593,0.831725820729749,0.935665411941447,0.152643801483766,-0.741860179604033,0.129868599263072,1.06897478971787,6.267356196747249,6.256012664486338,6.516959585154348,6.559151663417177
ENST00000435043,-0.157239391490699,0.207868889984489,0.565840554059361,-0.301009640738854,0.252552561443759,-0.0989030822418863,0.180184452258802,-0.0630974185101036,0.771648835186119,0.655176330068765,-0.201569154125462,5.226762842601721,5.157563565375294,2.350769350740404,1.8597103409761016
ENST00000434139,-0.197799206834364,0.0484510099374148,-0.260328274133696,0.0637783033798055,-0.438321016015943,-0.173814067819101,-0.296165185928434,-0.0297941920534854,0.721770904390765,0.0114479640349284,0.164234372091558,6.208607857289027,6.211159680293933,1.1537274047464772,2.674264296131439
ENST00000651857,0.222391208018788,-0.403850882289168,-0.0890524856980463,0.23415489482392,0.900080557254969,-0.0285988300595075,0.222461907886927,0.520438796454865,0.164773421476097,-0.54531199103046,1.10822625812789,6.843975576784471,6.830325258266077,3.0201442503678853,2.6385284651509915
ENST00000623351,0.470493574442826,-0.353006641476812,-0.346964657899072,7.73328483376228,1.70589408220599,0.959889269206966,0.0935646825382294,2.51332509676724,1.64910793510595,-0.586144296899268,-0.0807611981051725,7.496806594733152,7.463667996607753,2.646777261858913,1.1644991376368206
ENST00000419813,-0.29755068467322,-0.287862457935981,-0.30653744156685,-0.297880855253235,-0.20312149172741,-0.192481651650412,-0.199459822451703,-0.293035631455599,-0.488087809085248,0.0994817669886096,-0.505797680427356,6.038182004149837,5.9980069376014455,1.8614203332475958,1.1831957679928564
ENST00000526704,-0.307130919841862,-0.572272429980097,0.0815963441844905,-0.525428890570917,-0.471415484048064,-0.218265607218522,-0.29650353535132,-0.477198493295385,-0.967537374678091,-1.00412536554044,-0.844148895656698,1.2807615942977162,1.1667464687024747,0.20561952097423394,0.4721286993791922
ENST00000421685,-0.0438228629568843,-0.533609621862368,2.26392296413558,-0.221652263421812,0.335811705833706,-0.048950965654602,1.16939765676334,0.0805973793086914,0.975804929628477,0.395521774711302,0.536619337875818,5.891722437024543,5.971727783158324,4.09516906020998,3.679273827821322
ENST00000579057,0.142744372410497,-0.48753202862617,1.90128549287751,0.792074233918462,1.41838486974273,-0.134553698140726,0.161382884670633,-0.228286729022015,4.16508159178304,3.08760519652691,0.444212368816863,4.941509340531993,4.970725060541095,0.06227531821776945,1.093876596655351
ENST00000450155,-0.313841890125237,-0.526194836743899,-0.647649335834705,-0.450053603871935,-0.409884287929083,-0.218265607218522,-0.313166085697547,-0.476535082409795,-0.858950666323617,-0.594528468609143,-0.626249882957525,2.6524713649464084,2.818481522862642,1.2736665691485038,0.19079529249149127
ENST00000527434,-0.302483558786315,-0.604050080487819,-0.298897835493731,-0.30285846852581,-0.231684877654887,-0.197019627830399,-0.0285029828841358,-0.402233063223714,-0.271601236013481,-0.49250560567545,-0.721117480323151,3.0070197562498038,3.5574291225514245,3.4635596624292835,3.2408437521341797
ENST00000628246,-0.250661525410231,-0.559031742268546,-0.0873341548487732,-0.525428890570917,-0.446288202764416,-0.211389885733692,-0.292698263074755,-0.427973405584606,-1.0560093765151,-0.0808242461643524,-0.584004156005644,4.317548415000813,4.294967149675416,0.5161165478995708,1.02319117947797
ENST00000445293,-0.183772317809046,-0.313284578342159,0.391174545299469,-0.265028607654245,-0.0550135329416801,-0.165013144318519,0.236178964284607,-0.156505671201176,-0.0877233822879219,1.39673547318136,-0.468384271716287,5.22614181531809,5.221027675915001,4.941446374508292,5.009269319600211
ENST00000454869,-0.170477586030313,-0.678197931672505,-0.138767976891203,-0.297880855253235,0.327509488668117,-0.171201293654866,-0.0129157348133817,-0.326604222266454,-0.545946208807858,-0.431592976954539,-0.587858152148623,2.821995186607644,2.783991452502284,2.525370079943652,2.028985009526184
ENST00000419745,-0.167551783905927,-0.188292486345117,0.374757519482766,0.0383213669286399,-0.343327635553371,-0.185571551558159,-0.280165429657176,0.0389351756936392,0.46534927984285,-0.612014793584157,0.67002689667123,4.568013856153614,4.58804644484191,0.8563462380737034,2.228131021105915
ENST00000595668,-0.243650907759528,-0.678197931672505,-0.0199941621069912,-0.525428890570917,-0.395114349418451,-0.218265607218522,-0.27257574226025,-0.477198493295385,-0.727959772661065,-0.807491062179019,-0.149984898057903,6.104219783184495,6.096513478651331,1.4918961406410505,1.0540121357774117
ENST00000426367,3.52136455234517,-0.193059133921276,-0.338117576094031,0.489293129423871,2.15152948007408,3.26937535874625,0.0398157909971948,5.05471951728543,-1.14088362596686,-0.700442328358468,-0.537370802675603,8.4773788152284,8.515315404134814,1.5149446307478969,2.558735318193392
ENST00000435597,-0.224857929476514,-0.466346928287689,0.282246301867849,-0.473092842447851,-0.464571874917965,-0.211389885733692,-0.274429711700721,-0.477198493295385,-0.919294785876028,-0.248252912713198,-0.763363207275031,6.132908877772314,6.158687229026997,1.7689639614557355,1.7404038046765469
ENST00000651681,-0.319707628683789,-0.398554607204548,-0.506746206194314,-0.378375972746865,-0.301857407093367,-0.158584344730204,-0.274661457880779,-0.293300995809835,-0.705882655751647,-0.159802217243556,-0.584004156005644,2.6653761109521317,3.0587625027843934,2.2458118037371944,2.3087960564160004
ENST00000432837,0.204157948403048,-0.368895466730673,-0.156996216305789,1.0725271874475,2.90366050928756,0.121223141094921,-0.0374831473614138,0.224159494950368,1.39612052874394,1.08923092126975,-0.517300376607938,5.342225152972996,5.343494353459545,3.028055792521465,1.4008293323882732
ENST00000454128,1.63375292303139,-0.213184979242833,1.82484299077201,-0.126935393720827,2.58660733406624,0.0588947258349444,1.72045994593973,-0.0343053860754974,-0.192646924577426,1.23560651576258,0.260139583803371,8.9486531193334,8.946323361546911,5.500132500419243,5.45178398864828
ENST00000448494,-0.294093432501119,-0.678197931672505,-0.444468323251742,-0.496985386156207,-0.450986800077619,-0.218265607218522,-0.274517775249143,-0.460480538978516,-0.389574807409441,0.302786350605398,-0.238152471359582,5.223418845215903,5.276209522712793,2.4044620640252807,3.3231144928866567
ENST00000578968,1.52242544548301,-0.0140450360611061,7.71337704573357,-0.313667000203399,5.87243449287178,7.5675263733427,9.21705490233541,4.53845316611929,0.357874604043813,1.69932995768276,3.43028858039666,9.852675702231847,9.839195380060671,7.077898906743317,7.211653290071629
ENST00000419467,-0.266483471777564,-0.60934635557244,-0.0603517163777558,-0.49670095111206,-0.453846815833481,-0.211389885733692,-0.285627687121161,-0.444558677724356,0.909769819939416,0.104322352312819,-0.411700882290325,5.316887941486209,5.299624041665193,2.4880127061538224,2.0907706857875294
ENST00000436373,0.0204401898872426,-0.652246183757865,-0.492535145657083,-0.0337829167626506,0.283350845397602,-0.0230638742642199,0.326240164779053,0.0904158604154234,-0.949548612751898,0.0348634270147156,-0.52322960144329,3.4384538382285808,3.5393018299169654,3.2397161526419547,2.362029335889951
ENST00000610820,-0.136323439878783,1.02349525301603,0.746288513920184,0.310810139221564,0.166907346766063,-0.113789019256542,-0.0681153574415843,-0.0365609830865034,4.36004706422311,4.78797080495823,0.39037500731187,3.6294926275807313,3.6746408545682834,1.2999432794448682,0.3528746207468324
ENST00000443802,0.315968819345896,-0.582864980149338,1.19711815498284,0.0585162550630841,1.74622030436364,0.551815199082352,1.45026012222379,0.465773739482248,1.0521099870354,0.332825772449893,0.617405026257485,6.02057214324513,6.013463629774452,5.620600110802852,6.0101027328188765
ENST00000441001,-0.293559155591449,-0.526194836743899,0.0815266821230335,-0.276121574375982,-0.428584705235629,-0.218265607218522,-0.236207814223625,-0.432749963960854,2.38638551936094,0.432555726545802,-0.106701556759836,3.0574736478603075,3.097983045057502,0.3953881597877042,1.7204649576232158
ENST00000443744,0.200395395139707,-0.466346928287689,-0.0102646941901612,0.983499018629462,0.1515368049467,-0.124274494520906,-0.0632973543581621,0.43313392391122,0.680429458800387,-0.310670986630633,-0.0874315760449431,6.440145775814485,6.43018974285882,0.397162536763763,1.3674483777572883
ENST00000439058,0.532373582658105,-0.523546699201589,2.00519806788422,0.175134623163396,0.00432362251887582,-0.213590116608838,-0.175228441864756,-0.321429617358851,2.10121458257098,0.42259662755341,0.0190276558737959,6.257674427459311,6.160841751308002,3.9043628344774373,3.169776711014609
ENST00000441095,-0.0937791674420561,-0.188292486345117,0.84762359265299,3.77707780472023,1.43528347712308,0.582309023867569,0.590080873314182,1.46553394406639,2.52332905787907,0.0574914263532442,2.51772158598769,7.757464353700992,7.764331543678158,5.002958793531712,4.784993051583568
ENST00000608916,-0.261392293394936,-0.532550366845444,0.389549097198806,-0.0946520162101306,-0.29188820931579,-0.197638442764034,-0.0988588056881831,-0.452652290528554,0.252296924956993,1.8089726893804,-0.0422212366753867,3.2631118487888235,3.291238811260004,2.3763924184391243,1.9890772379781219
ENST00000426519,0.288087479874571,-0.360951054103743,0.724228861125463,0.578463515763987,0.642127564760154,-0.123380650727878,-0.00921474831784289,0.0463653776122472,-0.34139763228711,1.29649598378816,0.162425958516775,4.072609004001506,4.079611602849242,0.5739008832512307,0.40838914880072186
ENST00000437648,3.31649338581315,-0.360421426595281,-0.382561971303607,0.328160676914537,2.24913364634807,0.595510409118441,0.74736468825828,1.86915312685934,0.288470689848574,0.361382909793194,0.502259479954955,5.619159572419513,5.60268441520027,3.21270620604106,3.0466425255119365
ENST00000624287,-0.248188021198793,-0.491769048693867,0.1233935810587,-0.296885332598721,-0.454357532932743,-0.211389885733692,-0.23473159105665,-0.244075908099057,-0.471701682312479,-0.360373838811269,-0.223507286016263,4.516895564307852,4.809637034525495,2.0498915937619375,2.8120854243472113
ENST00000437322,-0.259650946430084,-0.0119265260272579,-0.35627615344716,0.603351582126859,-0.0825513989338406,-0.177148792739243,-0.258418368120459,0.131945381853358,-0.400989494522607,-0.740672456148666,0.758698454083914,3.813899404034986,3.5694447924621997,0.7912283923325916,0.6280187088586209
ENST00000506795,0.0752049865594491,-0.124207557821211,1.03376062086614,0.185658719796839,0.827276813321096,-0.115404813805476,0.103571482593168,0.020625035251355,0.444253368129405,-0.24931830469843,-0.0330309381805917,3.871152935625946,3.9198369611818205,0.684779319814776,1.4015725426945125
ENST00000449339,-0.114898653114799,-0.351417758951426,0.221965398020378,0.653981019985043,0.17125048497818,-0.192584787472684,-0.210055257803991,0.132210746207594,1.15422074109645,1.0505988814574,0.189314993145095,4.210821449304743,4.1984094291021234,0.4873664821605365,0.41205255668160595
ENST00000447908,-0.0732335347463664,-0.338177071239875,0.25505487721246,0.0906574150517067,0.650527839608801,-0.112688903818969,0.388503410975447,-0.0839285203176297,0.214487818072121,0.335489252412974,0.830264197846609,5.309761127509747,5.316479455181679,4.902131030859283,4.817874678211772
ENST00000453187,8.65595222716799,0.0680472277505102,3.36683594181021,0.0743024000132483,4.89691989017827,8.03445661937745,5.36527580235592,5.44865290114877,0.455700762082437,2.69285430530288,2.16069331252699,11.860049862865429,11.855114562760912,8.198693303638496,7.929934515751769
ENST00000448718,1.67065477900409,-0.0585337467719175,15.0790486725168,-0.248246940049566,5.89840343593501,1.45036886132726,7.84327049933232,1.16633563466529,5.46151531038384,2.60060525579893,11.4647736319124,9.671475751473206,9.661086964283198,10.670341762279048,10.591507629922127
ENST00000436248,-0.194356088972043,0.325975824371524,0.0239161572980813,-0.287498976141866,-0.158104843730136,-0.208020782206126,-0.169900597185204,-0.429300227355786,-0.577835377677018,-0.18678442730434,-0.309036354266211,7.724710369014847,7.712268648145399,3.754502419830067,3.8087662094976973
ENST00000433664,-0.168679701826343,-0.678197931672505,-0.29283723614697,-0.525428890570917,-0.211681110311027,-0.0273268215848141,0.0149841878038957,-0.256415350571031,-0.572602283298489,-0.294666946156812,-0.721117480323151,4.07632265200354,4.065924768477136,2.365803289473754,2.659535958980884
ENST00000443965,-0.276086321841853,-0.632120338436308,0.744152210702169,-0.382215845842851,-0.36125176286904,-0.218265607218522,0.0747723847972623,-0.459419081561572,-0.242819216931572,-0.474741352356462,-0.355728999844605,3.183829336500855,3.184828619419132,1.170745988636323,0.44335536657769925
ENST00000435352,0.235784879965978,-0.644301771130934,-0.333612762786477,-0.412223743000371,-0.259896890218072,-0.146998754028267,0.0493498288448133,-0.181847967030714,-1.04734206395066,-0.699214811505917,-0.051263304549298,4.896222795306589,4.903658557685928,1.70933231044237,0.42394623526285935
ENST00000454935,1.50101761989076,-0.214773861768219,0.0281887637341115,0.459000797222204,1.30284023320589,2.35497315847882,0.808761203741255,1.9661437983326,-0.766390309503387,-0.934295869117036,-0.456525822045583,7.651951303874224,7.694704556993286,4.197590160493404,4.125891665442801
ENST00000453348,-0.310096298033631,-0.348239993900654,-0.13238228792431,0.248376647031275,-0.431988123985105,-0.146826860991146,-0.10192017272676,-0.0162606099874492,-0.399354152529317,-0.951180016013441,-0.6776859084042,5.44303246613258,5.419253803307221,4.314057969085651,3.868438315442407
ENST00000449235,-0.242039596444648,-0.481176498524626,0.0205955990352968,-0.351639078597038,-0.389802891586135,-0.218265607218522,-0.280091270879557,-0.402233063223714,0.258511224531496,-0.287834541034124,-0.594380299467509,1.4165221074474161,1.443369517692024,0.9695899656710761,1.005160146311603
ENST00000430235,-0.301273661869178,-0.678197931672505,-0.447719219453069,-0.459724395372937,-0.471415484048064,-0.211389885733692,-0.320315455352361,-0.235053520055033,0.012882857139296,-1.01072616370981,-0.459490434463259,5.496637631772691,5.721424419629208,1.9363626481315233,3.555991101923092
ENST00000418403,0.952507460272139,-0.609875983080902,2.1489341213572,0.410220187150976,1.78820124992291,0.275479952607065,3.91197233258925,0.566479511914811,0.528637014983184,0.998579959743649,0.431820288910978,8.492197013554275,8.451023613795705,8.559442260120036,8.214047489596204
ENST00000457336,0.236121276538734,-0.312754950833697,0.835455952585165,0.565095068689074,1.1121711542361301,-0.16941360606881,0.123793654265098,0.114829381005136,0.279639843084806,-0.0794809258351459,-0.0110928062897905,5.831973489561942,5.831547969656446,1.4670680037971158,0.26574619340607974
ENST00000414300,-0.283029094805614,-0.317521598409855,-0.472797561577595,-0.440098377326787,-0.41997605781048297,-0.19096899292375,-0.322169424792831,-0.419879792780408,-0.949548612751898,-0.319379408075143,-0.134865374727756,0.8715842233551454,0.8077862691597527,1.8521612266597587,0.11659667315543465
ENST00000445427,1.66633250707347,-0.268795867631348,0.5677214297187,0.112274478406887,2.16743933915026,0.78974954106486694,1.2902857341292,1.1125993529325,-0.25289292361024,-0.638417986261662,0.130912128516882,7.127633268592444,7.018287108301409,5.807747169062277,5.7622355956152
ENST00000438965,2.58965912029064,-0.678197931672505,0.537882846727945,-0.525428890570917,2.99612890441138,-0.218265607218522,2.57674122410074,-0.477198493295385,0.912124712409754,0.765004347329054,0.333543387265024,3.735522682620849,3.8242495404521355,0.13293513419183614,0.925378201423666
ENST00000429172,-0.0473734015735308,-0.419739707543029,0.745266803685482,0.452174356162674,0.874340415452208,-0.109560450543372,0.364967268928677,0.196428919932706,1.04285395135338,-0.23535240541375,0.157504701903434,6.383304402052679,6.29825893222639,5.3119613087935615,5.750021101621204
ENST00000462219,-0.150237254425864,-0.678197931672505,-0.537815485604143,-0.496985386156207,-0.266090867197911,-0.171648215551379,0.1971250980211,-0.386178519792436,-0.898035339963254,-0.278222852471699,-0.497289242788626,3.5744260958879917,3.6069809926090217,4.440725525365367,3.761215053705227
ENST00000470546,-0.310803013522614,-0.624705553317839,-0.170557097602755,-0.525428890570917,-0.453131811894516,-0.218265607218522,-0.32445444212821,-0.477198493295385,-1.27661701140995,-0.763833151479811,-0.804867781122493,3.1308947365172948,3.095363361610216,1.3788308952653654,1.47810867032118
ENST00000468762,-0.117247775400176,-0.386373174509921,-0.017788196827519,0.0524009016139214,0.161403859304425,0.665711525478548,0.692195192633486,0.432868559556984,-0.549380426993767,-0.89086956537114,-0.119301159534958,4.762148872668669,4.777685593122671,1.3703082217317002,1.8218877407183955
ENST00000462565,-0.241058675345941,-0.182466583752035,0.847577151278686,-0.452613519269259,-0.347964946814663,-0.218265607218522,-0.289222070373873,-0.425452444219364,-0.134036267537903,2.10526746475174,-0.337615217972606,4.394995042631259,4.3845876939520565,1.0970567018406174,1.060338021674265
ENST00000469070,0.947040309249373,-0.678197931672505,-0.347405850954966,-0.21155481935459,1.16257688906481,0.227556173857805,1.01254025479055,0.47890927501693,-0.100642584034915,-0.51335023147348,-0.291989832864575,7.033473490929169,7.0717891256394685,2.5090560713854373,2.3857367729956747
ENST00000482003,-0.319707628683789,-0.360421426595281,-0.0708706876577651,-0.509358310576606,-0.471415484048064,-0.209842848399606,-0.279064635301896,-0.450662057871784,-0.451096373197021,-0.574401824366378,-0.586909476174966,3.6288316340278373,3.6370633661050977,2.320068068839751,1.6451448666752624
ENST00000418395,-0.300606522447579,-0.24867002230979,-0.40661860319343,-0.16391194945995,-0.445368911985747,-0.203035884129625,-0.303455920753084,-0.214487782601743,-0.547319896082221,-0.595547539203713,-0.732234776889435,0.8455368308387393,0.75630072189324,1.4154089571969826,1.8806634130807545
ENST00000480284,-0.230593632385093,4.17001228078901,0.236130017183304,0.265016097113881,0.149375450182627,-0.139160431535561,-0.177615427519361,0.22004634745971,1.48099477819571,1.41984984712184,2.90083844872394,4.87917081795816,4.843210587902954,1.126799579467719,0.6650688326497123
ENST00000483650,0.264420991579536,0.379997830234652,1.32111662437633,0.819806650722804,1.76693498990968,-0.112963932678362,1.36668086238558,0.863156859950661,1.80600264594222,0.0639300996553024,1.80413937705312,7.062836370732501,7.000443923047278,2.1071164624548877,1.5771719046024808
ENST00000501937,-0.109680265944155,-0.30057351813907,-0.0221536860121587,0.213391136601182,0.479874785193288,-0.0671372489819753,0.441278968560235,0.133006839270302,0.538972376380778,-0.155818577646599,0.419042809390795,6.0176461939213315,5.994452921666344,3.9610823268040813,3.905068957284087
ENST00000499601,-0.147362335816684,-0.346651111375268,0.474745798360736,0.674460343163635,0.0253610812716406,-0.158893752197021,-0.154408365048274,0.355116803765835,0.885305103719793,-0.412601206783001,0.62457938830826,6.059765220224034,6.311967465660952,1.7583991606431086,2.088152445688094
ENST00000645023,1.61260799560105,-0.299514263122146,6.21545695891051,-0.132481877081695,6.85992847584556,11.5019173427843,8.18588173446943,6.84606159055556,2.48090828657312,1.05347080767846,12.6663310447965,11.78364195523144,11.763544432606798,8.51050013828744,9.019430573363582
ENST00000558952,-0.137858425920852,-0.422387845085339,-0.0931393266368579,-0.0616575510890667,1.38154378107043,-0.0963934438999236,0.833919569048437,-0.0981255132692558,1.29404248152277,-0.219788418151221,2.57087708663662,5.67946352285705,5.695083677678404,5.777267532356835,5.976707349647605
ENST00000521399,0.572088166276947,-0.231192314530543,1.59865027722108,-0.394019900174956,0.70897839018504,3.55485531479636,3.75365492968209,2.24079590496686,-0.667092343670801,-0.437151543834014,1.4029976708174,8.660534444704208,8.669396109475453,9.889241400457305,9.28560757687838
ENST00000606251,0.444692805371065,-0.572272429980097,1.18641341820561,-0.255784468719464,1.84169171603112,0.407493805115786,0.895802751509535,0.0836490693824055,-0.320367134253397,-0.242949113482366,-0.284578301820386,6.065539341242954,6.096337261703602,5.502750558475748,5.192372377881027
ENST00000500929,-0.27018666093983,-0.512424521523886,-0.60162593389877,0.354755353542291,-0.369496779719512,-0.182821262964227,-0.204194396910304,-0.373839077320462,-1.07792295922518,-0.045411543003032,-0.623285270539849,5.445975457481803,5.599679147276838,1.9224804884992797,1.919811864852115
ENST00000499502,1.62565961725157,-0.408617529865326,0.710876966012868,3.16696463502469,1.91743310471995,0.0265444562488229,-0.127430792227631,2.53574838470018,1.11968231819816,0.0390323521743217,0.558616762014973,5.739589912814683,5.754464681393214,0.22219140239215313,0.2468732668899439
ENST00000498967,0.485928240722196,-0.572272429980097,-0.302891793683933,-0.295605374900059,0.583599385184828,4.1251276547481,0.155079388573034,3.19968999899866,-1.02385855292701,-0.608309082331174,-0.721117480323151,7.296621048446081,7.33532861390075,1.0342985269576266,0.9770310568961498
ENST00000499499,-0.218373108149613,-0.572272429980097,0.75260454082562,-0.219803435634856,0.390446178244266,-0.124515144772875,0.435017186775046,-0.260130451530335,-0.503100248583652,-0.653472438226906,0.351835045882084,5.3025707134219875,5.329418123666596,1.6797893259467425,2.1993134443586357
ENST00000502001,-0.13770012165132,-0.571742802471635,1.32262596904123,-0.295463157377985,0.31617156906452,-0.0393937127906893,1.98270855821785,0.172148081520112,1.60289317037557,-0.0150478714239013,0.628077630961117,6.29254976371953,6.08705956535326,4.4489606329684195,4.784670524003953
ENST00000547600,0.0474960856674361,-0.186703603819731,-0.488471525405423,0.640043702821835,-0.0161908619242456,-0.103200408169905,-0.20737395450071,0.363608463101387,0.570011167413428,-0.280886332434781,-0.346212593983866,5.566582392952188,5.394373356198153,1.9440369611207768,2.631683838340997
ENST00000501726,-0.28824465511430297,0.052158402496649,-0.0392208910691276,-0.430712020869932,-0.432907414763775,-0.136753929015871,-0.244534454473137,-0.247260280349889,-0.0591048974053419,-0.136896289561054,-0.177111101679637,5.41190905970116,5.3349447715948894,1.3825004757055748,0.6137690582660515
ENST00000412295,-0.205007704821982,-0.629472200893997,-0.574968585047885,0.880817967692358,-0.139755799787882,0.132464945722617,0.454180278404108,0.478643910662694,-0.187479243878629,0.444344520469355,0.506232060594641,6.277196249474308,6.277160365567969,5.067521487783728,5.201263828029588
ENST00000510597,-0.180213298606532,-0.572272429980097,0.0932066877606598,-0.39458877026325,-0.214684126854682,-0.195266318851768,-0.0420972138063843,-0.281359599869215,-0.534825883253484,-0.223633093576191,-0.183781479619407,3.097639424150907,3.1283980248254646,2.7898287544594345,2.1277295926525297
ENST00000513843,-0.273488435704355,-0.0701855519580824,-0.023477265179842,-0.411654872912076,-0.459566847345206,-0.2160997549508,-0.309539257979627,-0.418287606654992,-0.688711564822099,0.081300621153660907,-0.658564158310191,3.8467356818795992,3.862846707386446,2.0577967918472835,1.672687326632189
ENST00000513793,0.0454663987830793,-0.466876555796151,-0.671914953908899,-0.169600650342892,0.33911298116333,-0.135860085222843,0.380786263179489,-0.219131658800873,-0.220186083744434,0.0194615646195043,-0.131456070447429,3.936213493952033,3.9689000097730927,1.7304317544653245,2.3614951033191773
ENST00000505564,-0.0746526194482426,1.91062132968995,-0.017857858888976,-0.241562716512109,0.477333456907365,0.0874633486044099,0.0947836674453386,0.16166618952779,0.869769354783536,0.538261140037147,0.357942147462496,3.360999277309421,3.5305351047225386,0.5116906839180255,0.8367674817535372
ENST00000502209,0.0136387600212782,-0.493357931219253,0.727386874578181,0.0423034575466993,0.718314298759534,-0.0613960215421429,1.00933752258214,0.296205917125443,1.09551196353733,0.586528029107252,0.612958107630971,5.39731021203853,5.369201428142629,2.634854094483093,2.8760993015151346
ENST00000511213,-0.261689113900309,-0.52884297428621,-0.0604678198135175,-0.24440706695358,-0.100430583144775,-0.0384998689976616,0.146143255869967,-0.234124744815207,-0.68792660066532,-0.202024164832233,0.498079376446033,7.9176606471208855,7.894519921533817,6.807451991624459,6.5280988218013976
ENST00000503017,-0.120549550164701,-0.482765381050012,-0.349542154172981,-0.496985386156207,-0.169115904390206,-0.00649338548578151,1.04145986060008,-0.332309555882527,-0.979802439627768,-0.0110873925222755,-0.426879697868825,5.288170261920345,5.2532780288881575,3.45533645052631,3.7428037871947994
ENST00000503051,-0.217550491320438,-0.498654206303873,1.45658611322307,0.146406683704539,-0.232698140379821,-0.183405699290437,-0.06159401993473,-0.14960619799104,2.09634126343098,-0.0471022737622056,0.518001571892814,5.664179056384056,5.5988327684189185,1.0192836078315413,1.283431407024721
ENST00000546062,-0.253225489204258,-0.497065323778487,-0.111715876358729,0.24098133588345,-0.0124769271784186,-0.145314202264484,0.105485706040453,0.40726089937321,-0.0219499273177869,-0.258096208228934,-0.21686655420067,4.76243274378204,4.811050776697868,3.4137423612386373,2.8472879573950713
ENST00000504531,-0.30896555325126,-0.678197931672505,-0.615604787564478,-0.525428890570917,-0.429528510435063,-0.211389885733692,-0.313594816130656,-0.467380012188652,-0.949548612751898,0.293220983433635,-0.544782333719793,1.4099351955289339,1.4580661641415071,0.8678312664607076,1.2303827697148821
ENST00000515296,-0.119919159948529,-0.385843547001459,1.11788917041906,0.27340693091622,-0.407677990060275,-0.19114088596087,-0.118992913811691,0.259983682772229,0.175108782873691,-0.137544789030326,1.00947501849511,5.994322411107732,6.010199591027175,0.655031976420724,0.15003377569854803
ENST00000547963,-0.0932986009095483,-0.261910710021341,2.05944159307209,0.340818036379083,0.595390821572569,-0.1295344214568,0.104537864164013,0.105010899898404,0.865223104042189,0.182258092102121,-0.0646633526771928,6.008962921571869,5.988869194820683,4.6625694726949165,4.548442460120833
ENST00000515614,-0.243241012775918,-0.0744225720257788,0.22347474268528,-0.195910891926499,-0.280815862603808,-0.189215683945118,-0.0852089556827205,-0.316785741159721,-0.409722220766777,1.20378372037759,-0.604756442929375,5.4372358047864076,5.32832947323104,1.732037760381832,2.2027742812820197
ENST00000540299,-0.270873588395121,-0.672372029079423,-0.613282718849244,-0.41350370069903303,-0.354971985416525,-0.173264010100314,-0.284487495915272,-0.331646144996938,-1.11308281208093,-0.749473520374501,-0.726305552054084,1.804776688723247,1.927839414227158,0.3671756248318762,1.2247475034944084
ENST00000446720,-0.112117020950166,-0.220599764361302,0.789246785152011,0.0421612400246258,1.6922681499977,-0.0116157979919793,2.32831163653952,0.11257378399413,0.152017753928433,0.26600716641954,0.5953186637458,6.259082805548086,6.270785400338916,5.44462034092102,5.359195771683996
ENST00000652728,2.52814943099158,-0.136918618024299,4.35754655916474,0.412495667504153,2.93381733256473,0.551299519970989,2.76710912371003,1.31533771956881,0.988331649297081,0.95834983195345,0.431494181545033,7.548177387703257,7.539778356580019,7.534620255658231,7.093876596655351
ENST00000503469,0.239784889633618,-0.543142917014685,0.198442841935059,0.35390204840985,0.257618875068429,-0.150574129200378,-0.137393560508358,0.111379644400068,1.11016462779721,0.0583946934711588,-0.037033164944454,3.9876902929521387,3.815687475727643,0.860589958893912,0.4778475082227341
ENST00000502421,-0.259707483669202,-0.0177524286203403,-0.602601202759168,-0.47707493306591,-0.429209822965124,-0.211389885733692,-0.290536071214806,-0.319439384702081,-0.719783062694614,-0.609582920574387,-0.0982524113694598,3.6661919247163066,3.7068451344859454,2.1788514625275064,2.099300544162105
ENST00000514255,-0.265926579972246,-0.382665781950686,1.46195009195526,-0.481910328816411,-0.471415484048064,-0.215137153942924,-0.288040164855573,-0.477198493295385,-0.558701876355522,2.69002870047248,-0.555840338037724,5.08889765718783,5.06793358751625,3.7590607956195705,4.592138112361354
ENST00000504398,-0.239495420684312,-0.466346928287689,0.427514920692879,0.292321861352002,0.162650009026622,-0.059780226993208,0.187340774299018,0.110848915691596,-0.545193951490944,-0.655788507760021,-0.183040326514988,4.968396791442474,4.978661317491477,4.422005445817517,3.8554688347862083
ENST00000502606,0.855492384806622,-0.525665209235437,1.54138806270341,-0.113282511601766,1.29754511832075,-0.0409063715173518,0.921922863463961,-0.0611071858533336,-0.407334621456574,0.673010065473747,-0.463255492233708,5.4794769413840925,5.505596085565337,6.922561143047947,6.38704773142088
ENST00000510145,-0.187322856425692,-0.30322165568138,-0.639986509074433,-0.267019652963275,0.36167441974029,-0.101997156910059,-0.16365503763262,-0.216876061789867,0.185444144271286,0.530201218061908,-0.329788641189942,3.131979911932831,3.1190491780210303,2.0650940004056078,2.646872242519005
ENST00000512581,-0.288781758885929,-0.678197931672505,0.428165099933145,-0.440951682459228,-0.0977748542286166,-0.183611970934982,0.144087667252846,-0.399048690972882,-0.80691408409712,1.69946892185475,0.208822142853402,2.4362213386444593,2.4643068481205046,2.193344383843059,2.2758508784044924
ENST00000514769,0.358072101317498,-0.678197931672505,-0.370626538107305,-0.188657798300748,0.991572461285006,0.0279196005457887,1.86704867467411,-0.0230274010204673,-0.372174768600833,-0.286421738618924,-0.684712039834092,6.362488562627478,6.323219491466099,3.7273350105000578,3.7814755350410842
ENST00000513211,0.105240394841191,-0.678197931672505,-0.277163272319142,-0.512771531106371,0.0712725056268197,0.416638514690609,2.04291621579713,-0.127448274412334,-0.785196742426225,-0.52203549222266,-0.286060608029223,5.838643289709868,5.844726462327921,5.795577365153593,5.998852016888609
ENST00000504145,0.045913042972116,-0.678197931672505,0.269939337677109,-0.133335182214137,0.508777287274674,0.153607789288467,0.223238257590124,0.197623059526768,-1.03949242238286,0.352674488348684,-0.509355215328567,5.644659025534551,5.634773884724555,3.0065725560819874,2.8243533467866664
ENST00000504728,-0.18994901118275,-0.623116670792453,-0.0361557603650188,-0.24881581013786,-0.0788946645031309,-0.0761100655196774,0.925255373533206,-0.232665240866909,-1.26104855563383,-0.792413449518444,-0.856718852307643,3.827096646114417,3.8780901436907276,3.697466071782772,3.8957816673768346
ENST00000619015,-0.302817128497115,-0.525135581726975,0.0517577611937353,-0.525428890570917,-0.471354197996153,-0.218265607218522,-0.312899577590479,-0.424125622448184,-0.665358881157914,-0.480276758540606,-0.623285270539849,4.042963914146842,4.052481445853533,3.0340928839151986,3.8521363983910932
ENST00000511703,-0.0437352302362506,-0.00504136841725144,0.185973332934253,0.14043354777745,-0.0174901262247659,-0.193891174554802,-0.227535872165825,-0.41643005617534,-0.164420921773236,0.385400550851591,-0.532271669317201,4.007055230758108,4.009472602182158,2.9194949565062625,2.710571423381888
ENST00000504230,-0.113968615531299,-0.572272429980097,1.8852632187424,0.902008378481317,0.465464391520536,0.384838302823274,1.60176418743722,0.251359341259559,1.86961744948121,0.233003175572659,0.412105616333434,8.090289601384058,8.059026696545105,6.462960017571919,6.463745697667475
ENST00000532232,-0.244747730198428,-0.295806870562912,-0.332173080183032,0.0592273426734519,-0.243329227518041,-0.193891174554802,-0.133442288138356,0.0394659044021112,0.654035039028682,0.0292353780492474,0.107491690417242,3.1179616937387014,3.0942601618198737,0.529501094336865,0.2812783089768008
ENST00000619449,6.44223662948023,-0.572272429980097,0.432460927056328,-0.435405199098359,1.50183195802521,0.754064546558603,1.93393989208628,1.56531094125912,0.938028529583472,-0.595570699899044,0.0308564594203224,12.454433103938703,12.45525291065231,9.893766783443622,10.588287194658042
ENST00000515205,-0.210901712000094,-0.572272429980097,-0.583676342730012,0.27141588560719,-0.341591197415883,-0.195025668599799,-0.246541376392446,-0.208384402454315,-0.865328500097449,0.257321905670361,-0.138600786374028,5.013182641400074,4.738976038807582,2.9249821611991624,3.653969833800282
ENST00000512688,-0.266633295461228,-0.572272429980097,-0.55664746288469,-0.525428890570917,-0.420768690748536,-0.197741578586306,-0.199350901747075,-0.42704463034478,-0.306662968349624,0.160371235014189,-0.46954047055918,0.6915377134635101,0.7019955867402428,1.5619912211235376,0.9943810431016831
ENST00000517368,0.0579074182511214,-0.299514263122146,1.3803758179891,0.378932332294795,0.813168764171106,-0.139641732039499,0.0290511809334641,0.15304184801512,2.12849208701906,1.43458004935245,-0.083636872150318,1.9544740441903692,1.9913170720704223,3.681529555855713,3.0329943545083284
ENST00000521021,-0.244603560238676,-0.309047558274463,0.037477038595047,-0.279961447471968,-0.238385485997193,-0.187015453069973,-0.226859173320053,-0.338943664738428,-0.297635880546662,-0.025562827104241,-0.28828406734248,3.139349086626564,3.012661763745412,0.4441705328739838,0.41561037609479506
ENST00000524369,-0.273477128256531,-0.440395180373049,-0.101266567140176,-0.215536909972649,-0.262797763341875,-0.180414760444537,-0.274603521335765,-0.0642915581041656,0.227897622417102,0.226518180879938,-0.670719069222662,3.9142772813698237,3.554846185317012,0.27897866767239365,0.7442331235561656
ENST00000520024,1.5337215858589,-0.534668876879292,1.17756633640057,-0.292761024458588,2.20493414570962,2.36985909549347,1.79398837394878,1.74947380309891,0.0302501891080387,0.102214729037685,0.729052329907156,5.612789713319558,5.6078752151916,4.4669970498372065,4.4295850995753945
ENST00000523557,-0.319707628683789,-0.678197931672505,0.995330383629016,-0.496985386156207,-0.471415484048064,-0.211733671807934,-0.181684890441194,-0.461143949864106,-1.11308281208093,-0.0221118834999005,-0.702885113954445,5.56212713911625,5.5285616223501215,4.683100539337153,4.456625251717779
ENST00000525365,-0.20923103658414,2.73101434029765,-0.568211365086554,-0.15111237247333,-0.333272637303118,-0.175704891227429,-0.242159056127534,0.0431810053614152,1.87265918558873,0.0875076875024077,0.508455519907898,2.942915959310194,2.854942967552944,0.6899956486755543,1.0099107413952872
ENST00000525654,-0.270311042865891,-0.414973059966871,-0.477441699008063,-0.301578510827148,-0.0508583386220915,-0.146998754028267,-0.205311413498187,-8.69477441761163e-4,-0.603641074331139,-0.382469142157182,-0.475054649656057,3.74364585281687,3.406081836852602,0.7099555497238124,1.2663578936657798
ENST00000532652,-0.26075059573094,0.158083904189057,-0.656821507259879,-0.511349355885636,-0.420343774121951,-0.183886999794376,-0.214117768340421,-0.401038923629652,-0.969990387668027,-0.831809792276721,0.435081362570421,1.5816455056860497,1.7068966199916522,1.8866173879818673,1.3281036779326896
ENST00000521369,-0.260747768868984,4.29977102036221,-0.705004433100981,0.866169562918782,0.254011169479249,-0.148339519717808,-0.291115436664953,-0.0742427213880157,-0.369819876130495,-0.0880735438030007,-0.0392566242577109,1.9980572890271406,2.0863052439358922,1.045506499076215,0.2982163195798864
ENST00000529841,-0.272414228161102,-0.448339592999979,0.326922903948948,-0.443796032900699,-0.378260685142833,-0.21187118623763,-0.202611570500502,-0.324348625255447,1.27991312670074,0.87640729187186,0.694484949117056,4.164608540483375,4.112664347725859,0.1305100539702218,1.101949897191033
ENST00000533552,0.27537508165876,-0.387432429526845,-0.207895962543716,0.21694657465302,0.503212513761125,0.033385799126228,-0.189689403500424,0.453832343541628,0.448963153070081,-0.467723661671125,-0.685542131311041,4.477532936722487,4.38386753964986,1.4658668214071648,1.2032667338244842
ENST00000530759,0.891017559006778,-0.207888704158213,1.29285704811193,-0.0709016900238475,2.23723189506689,0.115619428084785,1.98142004945673,0.446800188154374,1.39576075350542,-0.171313082823135,0.408399850811339,7.589768671780306,7.550814023629168,5.5110737905492755,5.520255067732628
ENST00000533496,-0.319707628683789,-0.525665209235437,0.261556669615115,-0.432418631134815,-0.471415484048064,-0.218265607218522,-0.300037664597217,-0.420145157134644,-0.023290907752285,-0.558745194322524,-0.858230804640658,2.7734672722060942,2.685828667433816,0.9666619200971146,0.6543087973173345
ENST00000544086,-0.181878320298574,-0.470583948355385,0.628350643873456,-0.452897954313406,-0.425246658274858,-0.211389885733692,-0.238518323638811,-0.332176873705409,0.618711651973612,-0.889711530604583,-0.530641132487479,5.3390449602369054,5.340728446927425,0.2337557861621237,0.97585044740472
ENST00000539921,1.3228518182564,-0.482765381050012,9.1658542477995,-0.366571918414761,4.58248567224197,2.41310738363305,8.36344102270687,2.16689193231214,2.68231700646675,3.1865013655909,9.44572434485433,10.243724999057775,10.238264610637838,9.700882967820599,9.682318190695389
ENST00000539078,0.0810537639462656,0.0696361102758963,-0.47572336815879,3.98443095190347,0.120865178833473,0.0262694273894298,-0.117801738446188,1.79325892154785,0.94342515816133,0.266424058935501,0.509848887744206,4.883604611922627,4.7630216585120095,2.462386898478328,1.6963158082556442
ENST00000542248,-0.306243285187701,-0.548439192099305,-0.511692212557762,-0.438533984583978,-0.451052171866324,-0.190762721279205,-0.231093176029727,-0.477198493295385,-1.27661701140995,0.280505761696837,-0.858230804640658,3.4379551686623877,3.450795720913116,1.736494356358931,0.7163219850724615
ENST00000541888,-0.251679195714365,-0.532550366845444,-0.077233155937506,-0.343959332405066,-0.410129432136728,-0.218265607218522,-0.307917034719215,-0.385117062375492,-0.809726872325579,-0.667484658902249,-0.0487433839942735,5.804691706539625,5.568504710950439,1.4910957550222477,1.34866763368478
ENST00000538790,7.50864203373477,-0.297395753088298,1.33038167855011,1.24162382119296,7.66090448843237,2.68366702406108,3.13324954850851,4.01873707834808,1.38686449306192,0.629491118946526,0.714496082936368,7.567321119309555,7.555447117028848,5.04904369773936,4.898962003858457
ENST00000541574,0.155770552303417,0.733259378378833,-0.166029063608049,0.693659708643564,2.60418008801762,0.0886322212568308,-0.0480275985540886,1.24143374691408,0.358790395560056,0.422133413646787,0.439261466079344,4.622445821890251,4.662953781718574,1.1767478733123637,0.7268912267826486
ENST00000551650,-0.223037430376896,-0.334469678680641,0.191894608158099,0.0120111253450329,-0.12408699918255,-0.17140756529941,-0.141678547377645,-0.0599130462592716,-0.416198175060207,-0.983442864609725,-0.343870550173902,5.232890096643786,5.36173722039079,2.3310064542210873,0.5983215324929505
ENST00000546580,2.27235517318546,-0.678197931672505,1.76233290095791,-0.0754526507302011,2.66631188744533,-0.0307303037198045,1.01790517885891,0.410445271624042,0.33746553596755,0.45031997986479,0.12077315404843,7.81864771893315,7.83950770483222,6.786983512961356,7.016903077756528
ENST00000546835,-0.256058004884099,2.7860956011777,-0.282922002732922,1.58294587416948,-0.129006226282634,-0.0844296885163208,-0.216530246074833,0.300584428970337,-0.392681957196693,-0.292327715928366,0.367636430068296,1.086058665248683,1.059356607216557,0.6544829012320261,0.45460450771065863
ENST00000546710,-0.306350705942026,-0.678197931672505,-0.388622570650367,-0.426729930251873,-0.447571124117761,-0.207298831450219,-0.245009534142258,-0.438587979754046,-0.666209258994425,0.280065708485545,0.277215751329184,7.240419339972489,7.291471473179339,5.211290723800642,5.385759853318284
ENST00000546852,-0.293451734837123,1.40376780409178,-0.244097013814212,-0.444364902988993,-0.348843380225392,-0.175704891227429,-0.286074957248675,-0.16022077216048,-0.613485833130746,-0.40044184173415,0.268974128808045,0.9722234713695229,1.12460176369799,2.390284882301971,1.7903551694256055
ENST00000556973,1.65216427495036,-0.115733517685818,0.111202720303722,0.837014970893704,1.11635903445008,-0.114751620264418,-0.206238398218422,1.09216629765633,0.99745685761964,0.42259662755341,0.297612284762793,5.909231061102271,6.113474722220327,1.257696478875339,2.0955859916761717
ENST00000556874,0.723019979827891,-0.492828303710791,-0.590572886814257,0.18850307023831,1.19420866332465,1.82939300817847,-0.251398776326478,2.36020986437307,-0.674778451039266,-0.926768643134414,-0.350896681603794,1.3418269333296022,1.3617909449383168,0.791157325361769,0.602186618087271
ENST00000650020,-0.133228026037041,0.0908212106143779,0.303632554735153,0.0269439651627558,0.547722530395932,-0.155215241202638,-0.119280279074963,-0.211038045996675,0.385708124769613,-0.015487924635193,-0.276425617671777,5.067012925211535,5.077548283077068,5.440681546794104,5.676137926318014
ENST00000553270,-0.294053856433736,-0.577568705064717,-0.124487254292515,-0.213261429619472,-0.450476082978358,-0.214655853438986,-0.28885591140938,-0.450662057871784,0.473951178727557,-0.248345555494522,-0.85007812049205,1.9823833375897446,2.1347616299182115,1.0525657280602627,0.8333220096719642
ENST00000555032,-0.294760571922718,-0.311166068308311,-0.380495330147049,-0.496985386156207,-0.40839299399924,-0.211389885733692,-0.2936646446456,-0.477198493295385,-1.08446432719835,-0.658104577293135,-0.652190241612188,2.8204228756496827,2.753966566054891,1.4653498878639157,1.354136637191987
ENST00000554032,-0.304442574121774,-0.111496497618122,-0.481435657198265,-0.402837386543516,-0.446896977546736,-0.204514164248863,-0.241693246305616,-0.445222088609946,-0.839751751322389,-0.630311742895761,-0.0563031456593469,1.390796261207496,1.4176436714521041,1.0181827340345992,1.5538265178097692
ENST00000558702,-0.260060841413694,-0.464228418253841,-0.0694542257414725,-0.0285208684459292,-0.376524247005345,-0.197638442764034,-0.184454257292896,-0.212497549944973,0.338119672764866,-0.443752342003391,-0.471348884133963,4.977237061921895,5.098721346304578,0.41614671995450164,1.2506349855039924
ENST00000559946,-0.301728786644082,-0.577568705064717,-0.588900997339288,-0.295605374900059,-0.471415484048064,-0.216168512165649,-0.282517653384772,-0.357651851712066,-0.880864249033706,-1.1551330990995,-0.450003674726697,6.305104468635374,6.334275059802111,2.612176874342004,3.03239423177052
ENST00000559909,0.105342161871605,-0.305340165715228,0.15506659833449,0.8300463123121,1.49991574746878,0.0295010164872995,0.436328870154179,0.838876021538067,0.494425660483551,0.123615211523662,-0.03249730794541,3.9473507003505235,3.9376722345700177,2.297413000224407,0.7756065118156767
ENST00000561318,-0.255659417348313,-0.428213747678422,0.245302188608478,-0.197475284669308,-0.374943066866033,-0.180827303733626,-0.0732948845658982,0.0652062467630033,-0.0889008285230908,2.65190619595742,-0.73594054241153,3.6883975619986504,3.5362748311979386,2.1356856146516585,2.370075670362544
ENST00000558797,-0.0134397506545628,-0.552146584658539,0.616833183045897,-0.18112026963085,1.43577785127517,2.79402235389259,3.64561254307688,1.45491936989695,0.262828527393782,0.025622309577589,1.8295461054726,7.262507192433715,7.263002374816407,4.489187463789474,3.9866505005835817
ENST00000560439,-0.10687884574583,-0.454165495593062,1.96451542399333,-0.0384760949910778,0.63485903900347,0.0720617324783924,0.779753534383297,0.146805785690574,0.183416320199606,0.42827099790954,0.674473815297744,5.310411535147557,5.3170545347486495,3.07067315589844,4.000975358347614
ENST00000560097,-0.0922300470902072,0.577548890890993,-0.278579734235434,0.570357117005795,1.24527220177717,0.0647047104896251,0.396473162107669,1.17270437916696,0.325135057338142,-0.529562718205282,-0.33127094739878,4.628322434978654,4.628620629738543,1.3605605712346158,1.2546583259222623
ENST00000629527,-0.306350705942026,-0.180348073718187,-0.421131532663641,-0.435405199098359,-0.471415484048064,-0.213418223571717,-0.30131226858754,-0.477198493295385,-0.572602283298489,-0.254112568631977,-0.416088508668485,4.0504988429462845,4.059074133991306,2.5902487923619284,1.6771658530026756
ENST00000568695,4.33256368608043,-0.341884463799109,0.201972386382214,0.315645534972065,4.34251809311474,0.384116352067367,0.792205256637855,0.953646104745138,1.42869654125029,1.32591006685872,-0.211678482469737,6.510493944945627,6.46053528562697,2.925073329643118,1.8757546126971316
ENST00000570080,-0.292993783200263,-0.151748188261237,-0.124487254292515,0.748271237119808,-0.296693035785638,-0.153290039186885,-0.266492405033707,-0.222846759760177,-0.296687382190554,-0.376702129019726,-0.417837629994914,3.926495980117355,3.835346180963511,2.4359843960000696,1.9348696297651216
ENST00000567544,-0.298039731791596,-0.436687787813815,-0.622408448900113,-0.380367018055895,-0.437810298916682,-0.206164337405222,-0.303861476568187,-0.417358831415166,-0.541628905945571,0.523808866150512,-0.705553265130353,2.584054218496492,2.635563682975369,0.3109236466845835,0.36780433357052233
ENST00000567103,1.68185197921152,-0.485413518592322,0.505373884714671,-0.449626951305715,1.66205412640541,0.788580668412446,2.34679339439921,1.18875892259824,-0.298682499422368,-0.486136414459385,-0.122265771952634,5.9834687525129535,5.946572278764209,4.670082582794075,4.939524681656768
ENST00000568395,-0.126177832318955,-0.140626010583534,0.753603030373171,0.734902790044894,0.470395875831001,-0.0147786298750007,0.617670256050181,0.94687931371212,-0.26934446406274,-0.199407006259814,1.20389430084629,7.264151238660262,7.235185433636287,3.0445797026479777,3.3105541938254954
ENST00000567877,-0.266067923070042,0.122069233613638,0.81355884460051,-0.150116849818816,-0.404000826945594,-0.206955045375978,-0.231920509892537,-0.224306263708475,1.78261725543817,-0.17221634994105,1.61378161371415,8.888426123078046,8.878155223092982,4.8090610008224175,4.718227472780445
ENST00000567888,-0.118579227381419,-0.114674262668894,0.535258909079731,2.53438109684154,0.619149381030197,0.0450057684355894,0.870693052900165,1.4316999889013,1.73895362421732,0.411595297271116,3.11529851101861,6.392108842804755,6.369041824514933,4.548049266945821,4.26886300810124
ENST00000561611,-0.136498705320051,-0.572272429980097,-0.688749952094344,-0.129210874074004,0.452336919201128,-0.163981786095795,0.150115385396175,-0.280563506806507,-0.648416738107426,-0.431129763047917,-0.0547319010779787,4.7736729355787,4.757118484029228,3.094883374606584,3.236475834725568
ENST00000565965,0.80404349720872,-0.493887558727715,0.403783378423189,-0.287356758619793,0.635569957205641,1.1054482930408,1.0509776762151,1.45545009860542,-0.453222317788299,-0.765477560848322,0.224860696033028,2.2325710378097763,2.3256309594830142,1.8505827855385306,1.228901604651022
ENST00000567993,-0.139574331128101,-0.248140394801328,0.837127842060133,0.593680790625858,0.541283409208447,-0.2010075462916,-0.120086755781568,0.47492880970339,0.652628644914453,0.628217280703313,0.099220421771927,4.076741464492559,4.101424290623845,2.028675107852241,0.7354308080201661
ENST00000569291,-0.162924210884072,-0.607227845538592,-0.127970357365366,0.786243315513446,-0.119690746392111,-0.153530689438854,-0.177309522561684,-0.0892358074023498,0.147504210026952,-0.524351561755774,0.627840461967703,8.121490440637249,8.082240317650141,2.3865248839630193,2.5726252686497206
ENST00000562869,-0.319707628683789,-0.306929048240615,-0.144155176310546,-0.467546359086982,-0.454431076195036,-0.216821705706707,-0.243419755347054,-0.288524437433587,-0.305420108434724,-0.442061611244217,-0.426019960267699,4.926368738013898,4.922141515264124,1.8532445852620452,2.342345783100185
ENST00000572349,-0.319707628683789,-0.678197931672505,-0.397330328332494,-0.525428890570917,-0.450067509298949,-0.197363413904641,-0.309017829074495,-0.477198493295385,-1.14987800692996,-1.16069166597898,-0.584004156005644,4.374170423856663,4.535587559095621,1.2379639419145092,0.6740720521387648
ENST00000571219,-0.25624457777319,-0.389021312052231,0.571738608596055,-0.00263727942854287,-0.207223571468675,-0.157793636759449,-0.12190596329503,-0.174019718580752,1.51716854308729,0.147794977449377,0.90405340092256,5.702989249200799,5.8885344054644655,1.1544966369912482,1.2246131510338811
ENST00000650502,-0.240272807722193,0.136898803850575,0.190733573800482,0.0839731915142499,-0.200285990392312,-0.0903084303858498,0.00701443667167401,-0.0735793105024257,0.876801325354684,-0.0543052500101916,0.40765869770692,6.667609961784329,6.6208762396478305,2.4320591104814393,2.949780986259347
ENST00000576963,-0.2796368604585,-0.572272429980097,0.03631600423743,0.0690403516965269,-0.383175826506122,-0.204514164248863,-0.291845437132138,-0.340535850863844,-1.25453989450053,-0.612941221397403,-0.572145706334941,5.5962446108876085,5.720389222487131,0.3698818844078073,0.5295972059432497
ENST00000571724,-0.258746350604187,-0.167107386006636,-0.281203671883649,4.69452303961671,-0.275300117931788,-0.158274937263387,-0.263247958512884,0.45170942870774,-0.685571708194981,0.560032193648423,1.56163408128724,8.939704455492503,8.986223496406048,3.6190969088075233,4.333063484566668
ENST00000573341,-0.16259912175914,-0.154396325803547,0.0961557150290068,0.133891541762066,0.202081454826376,0.0169872033849103,0.106373293910079,0.203726439674196,0.159474913417837,-0.286375417228262,0.122374044753975,6.7745565829336885,6.787101479612264,4.43678354488938,4.238726554698209
ENST00000576871,-0.237940646608552,-0.463169163236917,0.50943750496633,0.0731646598366599,-0.201188938223806,-0.195713240748282,-0.274985902532862,-0.00829967936036922,1.17966666251204,-0.233082657271298,-0.706472294979832,5.9306443676181235,5.815950623236306,1.2656202848173748,1.5382296627587508
ENST00000583497,-0.319707628683789,0.390060752895431,0.144570847741633,-0.509358310576606,-0.450986800077619,-0.2010075462916,-0.320547201532419,-0.307896035292815,-0.210374031784693,-0.964103684008219,0.375077607236663,4.838026160344488,4.8763525790323925,3.495451037817677,2.9934366955343226
ENST00000577970,-0.306282861255084,0.801581326970436,-0.433902910597428,-0.480630371117749,-0.412781075316092,-0.182546234104834,-0.30131226858754,-0.313336004554653,-0.522724352503136,-0.533036822504953,-0.268272933523168,3.5672289196006273,3.3336866452670053,3.9743866377909307,3.1367772604142625
ENST00000582571,0.361034652647311,-0.61199449311475,0.220084522361038,-0.496985386156207,-0.196870314432454,0.145666330973489,3.28832482235665,0.0457019667266572,-0.902941365943125,-0.502997400660459,-0.164630083401222,6.889627096641224,6.85846024184053,6.554870718927092,6.424942376429639
ENST00000585065,-0.170141189457558,-0.333940051172179,-0.266946169972113,0.181961064222927,-0.228775833057495,-0.208089539420974,-0.167244785961731,-0.101707932051442,1.10218415886995,-0.553464555787023,1.37604934394073,9.095960115807847,9.091184156831549,2.238635943173712,2.4487954673342904
ENST00000580048,0.0345547116331946,-0.0352301363995877,-0.00257864674273719,0.616720029201773,0.893159319125783,0.344065274418236,0.435756457089434,0.554007387265719,0.634607176148394,-0.12367153252697,0.146624574330563,7.290069138958908,7.26246876518114,1.965835661002772,2.4373691797766908
ENST00000582787,0.410301202815236,-0.411265667407637,1.01966566376467,0.574339207623854,1.0047816483403,-0.158893752197021,-0.0355133048309141,0.118809846318676,2.68087790551265,0.00575043298346675,0.637001114338322,6.304344607667664,6.35601318999831,2.020507786980843,2.5679770061528027
ENST00000580197,-0.186155362437894,-0.519309679133893,0.302123210070251,0.184520979620251,0.0415610276602038,-0.208123918028399,-0.231846351114918,-0.235186202232151,1.38895773081333,-0.0486540403493923,0.323167243803159,5.114655697226715,5.008236576607859,3.954933764978087,3.2091772604485054
ENST00000581118,0.239219517242432,-0.312754950833697,0.324252524926429,0.518589938971023,0.572306408685966,-0.0653839400033438,0.0401402356492771,0.828659493899981,0.77655486116599,-0.525440114436338,-0.515076917294681,5.859393381236934,5.791640009081415,1.2006230299709388,1.5727680814632294
ENST00000580524,-0.285061608551927,-0.296336498071374,-0.383397916041091,-0.507936135355871,-0.471415484048064,-0.218265607218522,-0.238105815438306,-0.34584313794856397,0.904896500799411,-0.439305488499811,1.1399772571212,3.805061565044695,3.79664105425511,1.6991086362023902,0.9273238947853126
ENST00000583163,-0.203240916099527,-0.528313346777748,0.710876966012868,0.0435834152453613,0.100587667124409,-0.197535306941762,0.395142939034131,-0.183307470979012,-0.69688827478855,0.817810732684064,-0.19638108239453,4.3562853347375405,4.358127093047642,3.6795657432894866,3.7986660829299814
ENST00000587961,8.57401563337539,-0.310636440799849,6.18006863169034,-0.340972764441521,5.72433061982285,9.12346776675213,5.61059999110435,3.02561098261984,1.38957916077078,1.82365657022035,0.871768771694071,10.552954451475907,10.522405712399973,8.872728777962191,8.949528928467569
ENST00000650160,-0.237971742090067,-0.224307156920536,-0.0403122633652875,-0.201030722721147,0.0644248107599264,-0.202313933373718,-0.0696147552265647,-0.150800337585102,1.07140702255623,0.943457504855524,0.354562489306346,5.095297348925232,5.046469855866585,0.12889405195804324,0.33111410200802166
ENST00000589843,-0.254209237164921,-0.419210080034567,-0.166400594602486,-0.0434537082636521,-0.438116729176238,-0.206439366264615,-0.319504343722155,-0.207190262860253,-0.170308152949081,-0.542764314544034,-0.561324871010424,5.538953815699421,5.532516634231957,1.6348540944830934,2.8005482685079577
ENST00000591646,-0.296510399473438,-0.572272429980097,-0.547475291459516,-0.420756794324784,-0.471415484048064,-0.20341404881129,-0.317013072286523,-0.283880561234457,-0.949548612751898,-1.00051229706878,-0.503218467623978,6.180722177485808,6.2359381008835575,1.4788490704805475,2.6210618111662485
ENST00000588040,-0.319707628683789,-0.678197931672505,-0.210961093247824,-0.524575585438476,-0.450986800077619,-0.213040058890051,-0.316375770291361,-0.477198493295385,-1.11246138212348,-0.517982370539709,-0.625123330238808,3.8778738923629557,3.9602164151992674,0.5917853725912074,1.4405870416260078
ENST00000592381,0.704656684562179,-0.521957816676203,0.963564483604617,0.147971076447348,2.33450511666056,2.37168116168695,3.66569334957898,1.96282674390465,-0.360825495167398,0.956543297717621,-0.313661149637785,6.852126081262352,6.8586915964513455,6.321721469806364,6.278775319362361
ENST00000589440,-0.213233873113735,-0.595046412843965,0.34113396448618,-0.210132644133854,0.708173500036605,-0.210152255866423,0.12206946268546,-0.412316908684682,0.635915449743026,0.051238038613835,-0.446890831688137,3.966043961365584,4.006315915800971,3.097826070825639,2.935049304096369
ENST00000592431,-0.0358200167596502,-0.526194836743899,0.479598921975575,0.383625510523222,0.419409966377564,-0.187874918255576,0.402533324716206,-0.0799480550040897,-0.43824258512976,0.273372267534844,0.863675379793816,6.084812635826589,6.237043405782527,4.828292690426292,4.737855930558945
ENST00000591331,-0.306350705942026,-0.27991804530905,-0.301846862762078,-0.383211368497366,-0.428139359925073,-0.211389885733692,-0.275880442787889,-0.392414582116982,-0.209327412908987,-0.809228114328855,-0.53731151042725,2.1557493178195952,2.321532918308128,0.9753446403968834,0.010914821037410408
ENST00000599756,-0.24274631193363,-0.466346928287689,0.377845870874027,-0.366287483370613,-0.437299581817421,-0.183474456505286,-0.212307830674162,-0.168977795850268,-0.219368412747789,-0.48319500615233,-0.422314194745604,5.978637243657811,6.025293134982599,3.600172255098381,4.035277100302449
ENST00000596705,0.370725135432234,-0.331291913629868,0.572946084327976,-0.365860830804393,0.267142727535451,1.22704542750001,0.836920682080198,0.70261142563788,-0.413647041550674,0.0696044700114328,-0.287542914238061,6.429248089023252,6.438484660217499,6.7090617617208865,6.518527383234869
ENST00000598782,-0.273559107253253,0.562189693145594,-0.312574820226458,0.574196990101781,-0.305322111894755,-0.0730159908515043,-0.308025955423843,-0.141910631718196,-1.05502817131912,-0.489332590415083,-0.119271513410781,1.8938858176080058,1.8491799668275797,0.09741996384452316,1.4095577059725368
ENST00000599817,-0.214788647189496,1.8290586933868,0.10145003169974,-0.092945405945248,-0.052852178177607,-0.00862485914607858,-0.00165287046252467,-0.0735793105024257,-0.533027007060864,0.0841957080700539,-0.0923231865341081,7.701525370378775,7.691709380644027,2.202743081845308,0.585535377537107
ENST00000600765,1.41627960589984,-0.259792199987493,0.497989706200227,0.55812641010747,1.46566910166072,0.0906261804874313,0.265413744899023,0.595536908703653,-0.121247893150373,0.0113784819489348,0.293521119626401,7.195430340611747,7.2045167258282214,3.1699277194118904,2.780758999581279
ENST00000593554,-0.278783148147809,-0.314343833359083,-0.288773615895311,-0.370838444076967,-0.389700748166283,-0.198360393519941,-0.296387662261291,-0.125988770464036,0.849327579867407,-0.449658319312832,-0.378704746081593,6.816875492660549,6.71522167791308,1.0791288149870337,2.1818131914860976
ENST00000473970,0.730974769371875,-0.555324349709312,-0.18311948935217,0.885368928398711,1.31097493516292,5.56390675405604,1.08398064971727,4.92429293717843,-1.08691734018828,-0.469414392430299,-0.482466180700247,8.056114773290208,8.038123862841548,5.915027443506036,5.836211829315552
ENST00000603633,-0.171933419937617,-0.555324349709312,0.286518908303879,-0.288778933840528,0.375353466526901,-0.0683748788492445,0.591292905835889,-0.10913813397005,0.163301613682136,-0.351225364155467,1.31468186689484,5.5806287011245885,5.559888992455683,5.233688769785807,5.014876414845449
ENST00000603718,-0.273347092606558,-0.662309106418644,-0.489052042584232,-0.395157640351544,-0.261408612831885,-0.218265607218522,-0.206168874364405,-0.453050337059908,-0.927798564241137,-0.687055446457066,-0.673090759156803,3.6599533236589727,3.800404842410441,4.9528549595348155,4.1751592556281265
ENST00000607010,-0.219184417530965,-0.360421426595281,0.485171886892136,-0.364296438061584,-0.371662220220379,-0.213143194712324,-0.231707303406883,-0.386178519792436,0.521441510212706,-0.216777527758172,0.307751259231245,5.428055166564698,5.65226080837473,2.8654148936642003,3.4049631318952867
ENST00000607746,-0.191147600652064,-0.604579707996281,-0.415326360875557,-0.0633641613539493,-0.385819298211898,-0.202142040336597,-0.233874130190433,-0.300200469019971,-0.668891219863421,-0.424760571831852,-0.367587449515309,4.62816317261911,4.548559641233075,2.580406310460717,2.3357977943167714
ENST00000580623,-0.257304651006663,-0.360421426595281,1.24992199756726,-0.326324359667946,-0.424123080656483,-0.218265607218522,-0.275067013695882,-0.389760938574622,-0.0821632195107348,0.162849429414621,0.0375268373600929,6.285056515073321,6.221777165817735,2.614095534316296,3.74396474014159
ENST00000606761,0.0365052463827853,1.57271897929117,1.02493675974825,0.0735913124028806,-0.205045873757426,-0.186568531173459,-0.17465139387641,-0.176673362123112,1.86340314990671,4.67325588098307,0.0353033780468361,2.3036848511637285,2.351800878161988,2.065745544962774,0.8887442750778806
ENST00000606639,-0.319707628683789,-0.204710939107441,-0.700360295670514,-0.447778123518758,-0.471415484048064,-0.20764261752446,-0.316897199196493,-0.44761036779807,-1.27059895287465,-0.680477808983021,-0.259171573400904,3.966715571059519,3.9248292037672785,1.5473912532327543,1.3855978070283554
ENST00000606879,-0.315608678847692,-0.678197931672505,-0.705004433100981,-0.525428890570917,-0.471415484048064,-0.21651229823989,-0.324486886593419,-0.477198493295385,-1.24145715855421,-1.16069166597898,-0.858230804640658,2.950906665995313,2.7759061494803103,0.7669576304904386,0.5477139121021399
ENST00000606723,-0.0879219094693719,-0.493887558727715,1.45663255459738,0.320338713200492,0.207098739609518,-0.105228746007929,0.0339989618777193,-0.0254156802085913,-0.0171420218575136,0.150829028537758,0.401106904263856,4.6195217007972955,4.583241132476439,2.627850706745331,2.5907656976134126
ENST00000608005,-0.251438912448111,-0.634238848470156,1.07219085810326,-0.280388100038189,-0.389292174486874,-0.178764587288178,-0.28325924116096,-0.103300118176858,0.177202020625103,0.0145978185999639,-0.17488764236638,5.590034093299662,5.533465495356633,1.5308534642599825,1.285051534388808
ENST00000433510,0.311304497118613,-0.382136154442224,0.0531510024228756,-0.0773014785171573,1.02514904625883,0.694658312929679,0.694871861013164,0.791773848661177,1.33273467308401,-0.20438655575601,-0.468977194199822,4.951770150349492,4.903505360982403,2.8978885003168875,3.7312770109858677
ENST00000608537,-0.259283454375813,-0.572272429980097,1.99486486210143,-0.500114171641825,-0.432907414763775,-0.218265607218522,-0.00564585714493755,-0.477198493295385,0.662898592632315,3.87768599635825,-0.322495694642459,5.9597362075082625,5.936076773378909,2.209832506631628,1.7357283138552355
ENST00000614663,-0.296456689096276,-0.678197931672505,-0.0281214026103097,-0.525428890570917,-0.411457296594807,-0.218265607218522,-0.318405866828676,-0.477198493295385,-0.065319196979845,0.393506794217492,-0.105219250550998,2.0891860706927985,2.149200344872606,1.7308809822568694,0.3514136636185523
ENST00000612598,-0.209247997755875,-0.678197931672505,0.125251236030887,-0.252655683233846,-0.402742420013015,-0.205442386649315,-0.103067316318051,-0.401436970161006,0.368438913320468,-0.504966059763606,-0.233675906608892,4.138681495977502,4.137783915739205,5.208712785266263,4.8328806056620826
ENST00000616960,-0.31490196335871,-0.154396325803547,-0.233090408104003,-0.525428890570917,-0.418096618885202,-0.216649812669587,-0.298320425402981,-0.450662057871784,-0.527630378483006,-0.109474026288978,0.278698057538022,4.091158960918691,4.0681209877294355,2.768871442454781,0.5897848505384651
ENST00000612595,0.101545686264793,-0.678197931672505,0.850433295798423,-0.266166347830833,1.24657146607769,0.569210774438969,1.16639190880798,0.821229291981373,0.475651934400579,0.106105725853317,0.566384046549284,6.020306237408622,6.011194586658044,5.751198055720562,5.962745907925659
ENST00000612422,-0.28635065760383,-0.365717701679901,-0.578451688120736,-0.39857086088131,-0.451191086917323,-0.196641463148734,-0.184477431910902,-0.385780473261082,0.275159006023191,0.0222408480592418,-0.62254411743543,2.857669963426569,2.9396589278636385,0.7578649845884369,1.2893926598913752
ENST00000622592,-0.0759784177055732,0.064869462699738,0.955274698291232,-0.0490001916245206,0.591268313147333,-0.0982842673082516,1.11701606768465,-0.303517523447921,6.18070601219304,2.35760324038456,2.10738958125718,4.353927720969083,4.388866543567239,2.0880121181809943,2.723191575507079
ENST00000615716,-0.31292315998956,-0.267206985105961,0.251687877575371,-0.149690197252595,-0.413704451831556,-0.193409874050864,-0.279296381481955,-0.35207920027311,0.352543389145687,0.165026534775749,-0.52542341463237,0.7890606259599113,0.7079712141353988,0.575960405429525,0.8783171267649533
ENST00000625062,-0.306350705942026,0.0431547348527944,-0.705004433100981,-0.517038056768578,-0.471415484048064,-0.211389885733692,-0.310871798514965,-0.397589187024584,-1.01169160849693,-0.541143065870854,-0.67887175337127,1.29428828035415,1.485111425709884,2.305148649004012,1.9126251775402485
ENST00000622995,1.8955966654232,-0.678197931672505,3.75359970701956,-0.525428890570917,3.63720960756152,-0.218265607218522,1.77090877187672,-0.477198493295385,7.09352120600781,3.49111083058612,2.2771432882933,2.7425147707982207,2.7693621810428284,2.445376295619381,2.557521001367511
ENST00000651051,-0.319707628683789,-0.678197931672505,-0.705004433100981,-0.525428890570917,-0.471415484048064,-0.218265607218522,-0.324486886593419,-0.477198493295385,-1.27661701140995,-1.16069166597898,-0.858230804640658,6.5763600506396775,6.543304786767152,3.7340530437844017,3.0712026739204883
ENST00000624813,0.964903249948886,-0.678197931672505,2.7605670209498,-0.269437350838525,2.19940205809042,-0.20142008958069,1.44522196026931,-0.368399108058624,4.10755026045909,4.91820339480526,2.37622063529202,4.187919504163233,4.570910724633116,0.3069272589742882,1.2425016496380938
ENST00000629217,-0.265997251521144,-0.461050653203068,1.23239037876724,-0.0983496717840429,-0.256918388095181,-0.192584787472684,-0.128524634197509,-0.216743379612749,0.906793497511628,0.798587355559214,-0.38092820539485,4.628253209672464,4.635449263583542,2.5681125436068397,1.5242482567529616
ENST00000629535,-0.27765805708935,-0.494417186236177,-0.409706954584691,-0.393166595042515,-0.122187131573299,-0.140019896721165,-0.26985272464456,-0.325277400495273,-0.338650257738382,-0.621047464763304,-0.385464062393894,4.049680054489712,4.207314072269674,2.0404928957596877,1.6103032826860493
ENST00000629145,-0.200399919833819,-0.507128246439266,-0.419622187998739,-0.52272675765152,0.0669416246250853,0.156667485349216,0.0862832175607823,-0.0368263474407394,-0.180937875905468,-0.310115129942685,-0.0236924090649129,4.571346639191817,4.564990651718588,2.3244335986492786,2.7990018056726806
ENST00000627163,-0.2796368604585,1.06374694365915,-0.570904964796226,-0.263464214911436,-0.421875925419734,-0.200973167684176,-0.24308604084777,-0.262386048541341,-0.315755469832318,0.50919446739656,-0.223803747258031,2.441340746750724,2.4076466150602815,0.5084576571741095,1.3156861501470023
ENST00000625713,3.03184817488483,-0.623116670792453,2.59384248719601,-0.440098377326787,2.69772711765508,2.22660343835705,4.55138321798945,1.70316772328473,0.163465147881465,1.25381082229286,2.63512023772765,6.289083679528183,6.261758137262946,1.9981934061125728,1.9991294599462823
ENST00000414621,-0.252968244766269,-0.0892521422627158,-0.535493416888909,-0.380082583011748,-0.436993151557864,-0.213590116608838,-0.274337013228697,-0.395333590013578,1.08151343607476,-0.614076095468629,-0.525453060756546,4.604799020057139,4.562890583819089,3.3050638818227607,1.4542908442588547
ENST00000626665,-0.117917741683731,-0.572272429980097,-0.231882932372081,-0.426729930251873,0.11724521603391,-0.172370166307287,0.0845404862867402,-0.294893181935251,-0.613485833130746,-0.709127589107647,-0.383981756185056,3.833098085023725,3.792664407739659,3.291831967961107,3.045067186808904
ENST00000625445,0.0649604388311635,-0.678197931672505,0.607823556430789,-0.313240347637179,1.33035767051408,-0.159065645234142,2.49323844050196,-0.291443445330183,0.424040541092338,0.96502011220882,1.2018487182781,6.358740039809999,6.33355203945877,4.7483657870201395,4.763241542951031
ENST00000628328,-0.0524985022996295,-0.110437242601197,0.512247208111763,1.01635126622845,0.810100375838745,-0.0123721273553105,0.460217266394639,0.619021654053539,1.60066910526469,-0.143427605644437,0.00782142093498122,5.047553018612752,5.0700140009088095,3.5557825234918945,3.1881998799917226
ENST00000629093,-0.261491233563394,-0.360421426595281,-0.483037884611776,-0.366856353458908,-0.376761219739402,-0.207436345879916,-0.277847967856588,-0.396262365253404,1.08291983018899,-0.0311445546790468,-0.393646392666679,3.0545046455397515,3.013788771971725,0.5800882910522016,1.4376601697147342
ENST00000635373,0.828436489026429,-0.678197931672505,1.14055256107974,-0.525428890570917,1.97755063590818,-0.21451833900929,1.78885056113688,-0.477198493295385,0.334489213539762,0.0248116852409988,1.45802087728947,3.630875561486043,3.5793673340291963,2.4172626594104667,2.336856264680384
ENST00000634923,3.69922787975025,-0.190940623887428,-0.17020878729547,-0.258486601638862,2.49003685920115,2.2097235421118,-0.184924702038416,1.94239368862848,-0.80933439024719,-0.55561850045282,0.387647563887608,9.144208438870756,9.139818381335003,1.3919975705869299,1.2667300004076452
ENST00000635615,-0.2796368604585,-0.485413518592322,-0.118960730750259,-0.349079163199714,-0.400348178251679,-0.211389885733692,-0.312899577590479,-0.441772352004878,-0.712424023724808,-0.218699865470657,0.524019735100696,4.020676016550943,3.9937348109701474,0.657574170983177,1.0297192224754679
ENST00000634803,-0.222325061164002,-0.678197931672505,-0.403367706992102,-0.282379145347218,-0.10058584114295,-0.13276601055467,1.02346013479492,-0.369460565475568,-1.15641937490312,-0.376308397199097,-0.288135836721597,5.7612096786175915,5.767377472834947,2.2680474110344324,2.396455282519242
ENST00000510155,-0.174946854782637,-0.275681025241354,-0.320121543550968,-0.316226915600723,-0.411179466492809,-0.211011721052027,-0.24135257942093,-0.15425007419017,-0.0318928066369917,-0.383140802321785,-0.0445336343611739,6.980362168295167,6.913877002202471,4.1153473286482205,4.938941703897638
ENST00000642026,0.196169236515594,2.94445422620785,0.07483912422316,1.69131562598953,1.04802508656894,1.09111241374493,0.203766943541585,1.56942408874978,1.4372003196154,0.232980014877328,1.55763185452337,4.273872144048963,4.269039116174391,4.848185883440605,4.708509422370625
ENST00000641632,-0.268470755732581,0.222168832712964,0.109321844644383,-0.200604070154926,-0.427800243771163,-0.216856084314132,-0.289724959584601,-0.255884621862559,0.305380126059195,-0.237946403290838,0.867944421675269,2.83582082141653,2.71414570695105,0.2066170974493904,0.9565482529239532
ENST00000646849,-0.0698186855036046,-0.429802630203808,0.908299248182051,-0.106882723108456,-0.222700342444685,-0.211389885733692,-0.191369563305851,-0.230409643855903,1.18663321940346,0.711271534160798,-0.0422212366753867,6.223163203963671,6.239033358296387,1.254889362117876,1.1531810006917136
ENST00000648185,-0.209742698598163,-0.587631627725496,-0.43213813837385,0.18167662917878,-0.250781611430459,-0.179830324118326,-0.198646393359696,-0.37596199215435,-0.685440880835518,-0.269004895729903,4.09889890791646e-4,4.512262986617184,4.564157814903478,2.6522571407445388,1.820875787428379
ENST00000647995,-0.294181065221753,-0.179288818701263,-0.0794391212169782,-0.233456317753917,-0.28641332201171,-0.218265607218522,-0.274487648245735,-0.453448383591262,0.202549821521102,0.410066691379261,-0.211797066966444,2.172568281449685,2.35889390570149,1.1643722683219901,0.95585495652675
ENST00000649562,-0.208046581424606,-0.360421426595281,-0.551747897895546,-0.408241652382311,-0.160993459643557,-0.167866568734723,-0.0737120276900041,-0.38126927923907,-0.310947564372045,0.157290862535147,-0.31718903841482,2.9885339591109332,2.8040724471481098,2.732370600397356,0.9439893484495838
ENST00000424415,-0.289816390361799,-0.678197931672505,0.743502031461904,-0.525428890570917,-0.45075799881715,-0.218265607218522,-0.15742801777444,-0.477198493295385,-0.0688515356853521,-0.829887454564236,0.508633396652959,2.2772524155316036,2.2849910028285074,1.1204687848010568,1.4591673532002054
ENST00000648102,-0.319707628683789,-0.678197931672505,0.399951965043053,-0.525428890570917,-0.471415484048064,-0.213177573319748,-0.256654779690212,-0.384188287135666,-1.05993419729899,-0.372185793430153,0.391353329409703,6.236452797142209,6.2659993569877726,4.024079805868855,3.705108804324567
ENST00000649401,1.50354766134132,-0.27197363268212,-0.408476258165617,-0.159218771231523,3.59436248580191,7.69001735159493,4.09278070227112,6.73407783306797,0.116530832674034,0.225360146113381,4.7920240022077,7.24430131235604,7.229178734336739,5.869397278979873,5.538645245374584
ENST00000649496,-0.266551316464506,1.02614339055834,-0.461187218001426,-0.469252969351865,-0.362828857271559,-0.218265607218522,-0.324486886593419,-0.465655143886118,0.136318470792846,0.291275485025819,-0.495895874952318,4.664364302280675,4.683392208065984,1.2791951422831813,1.078734899574299
ENST00000649774,-0.265649547500565,-0.466346928287689,0.108880651588488,-0.418765749015754,-0.322388234483665,-0.218265607218522,-0.0463335339778589,-0.41842028883211,-0.57587296728507,-0.288737808152039,-0.38092820539485,3.3896462025708005,3.335951456044901,2.3641334955041677,3.12744464265646
ENST00000651999,-0.281403649180955,2.02343198899236,-0.446558185095452,-0.525428890570917,-0.450986800077619,-0.218265607218522,-0.281150350922425,-0.34942555673075,-0.572929351697147,0.80599877806518,0.986054580395474,2.3674400726472333,2.3892674680189376,5.91557182176398,6.21031919225932
ENST00000651728,-0.299283551052204,-0.457343260643834,-0.239847628065334,-0.297880855253235,-0.417614501943499,-0.197638442764034,-0.28416305126319,-0.347169959719744,-0.75880232265452,-0.624475247672313,-0.326082875667847,6.323402552345897,6.354881411322151,1.16174753894872,1.4205511173650658
ENST00000651788,-0.306350705942026,-0.464758045762303,-0.623848131503558,-0.382642498409072,-0.39644221387653,-0.197638442764034,-0.320952757347522,-0.397589187024584,-1.23818647456763,-0.638070575831695,-0.420950473033474,4.343633021878226,4.340154330309552,0.18089760591194717,1.2608619059109274
ENST00000652012,-0.275325895975709,1.95352115787538,-0.077651128306248,-0.496985386156207,-0.331401369851425,-0.218265607218522,-0.259669797492776,-0.41443982351857,1.79180787744046,0.240252473211307,0.746691773792327,4.382107496593243,4.356053005675295,0.964351660496105,0.8734138543483798
ENST00000651492,3.24442254024675,-0.572272429980097,-0.068455736193922,0.089946327441339,0.894168496113922,-0.143217107211611,-0.168106881751549,0.546046456638639,1.13201279682756,0.919833595617756,-0.389822042647877,7.483924791896993,7.465723423818663,0.7444434326979311,0.9514644690117304
ENST00000651327,-0.299212879503306,-0.673431284096347,0.883894305984943,-0.518033579423093,-0.471415484048064,-0.209224033465971,-0.289898769219645,-0.44163966982776,-0.651916369973068,-0.495192246333863,-0.30977750737063,6.759326614111137,6.740269397426435,5.695657373545293,5.656606992053135
ENST00000651959,-0.263065795672846,-0.434569277779966,-0.554441497605218,0.0831198863818085,-0.285167172289513,-0.141360662410707,-0.125421552846521,-0.410193993850794,-1.16050772988634,0.959090974204047,-0.747798992082233,4.030381880630612,4.04722211751984,3.1465676131736116,2.375360758822498
