Ensembl Gene ID,K562 Elongation Rate (bp/min),K562 Expression (RPKM)
ENSG00000000457,975.0,0.511227346
ENSG00000000460,1425.0,1.321102746
ENSG00000000971,1300.0,0.813653255
ENSG00000001461,825.0,1.066398156
ENSG00000001629,1050.0,1.306127949
ENSG00000001631,1225.0,3.504421513
ENSG00000003147,1325.0,0.920713401
ENSG00000003393,1000.0,0.541175986
ENSG00000003400,1175.0,1.1289547359999998
ENSG00000004487,1975.0,1.643121205
ENSG00000004766,1325.0,0.638019354
ENSG00000004864,1400.0,1.191930923
ENSG00000004897,1350.0,4.0919216789999995
ENSG00000005175,1050.0,1.874595447
ENSG00000005187,1500.0,3.393864282
ENSG00000005249,1000.0,3.644509782
ENSG00000005339,1475.0,0.984809077
ENSG00000005436,1025.0,1.045126494
ENSG00000005483,1700.0,4.230750538000001
ENSG00000005700,775.0,1.211944076
ENSG00000005893,1425.0,1.149107447
ENSG00000006062,675.0,0.535298077
ENSG00000006125,1675.0,3.8880194739999996
ENSG00000006451,925.0,1.9413491280000001
ENSG00000006459,1375.0,1.234754686
ENSG00000006468,1850.0,2.557398231
ENSG00000006530,925.0,0.892443581
ENSG00000006576,1375.0,1.5844832
ENSG00000006837,750.0,0.578121885
ENSG00000007168,1375.0,1.084871358
ENSG00000007392,375.0,1.220480958
ENSG00000008083,1500.0,2.140074742
ENSG00000008256,1750.0,0.678324226
ENSG00000008294,1125.0,1.100686001
ENSG00000008405,1725.0,0.96045796
ENSG00000009307,1425.0,5.013753927
ENSG00000009335,725.0,2.0878740209999997
ENSG00000009413,1675.0,1.8628385969999999
ENSG00000009844,1125.0,1.01825625
ENSG00000009954,1525.0,2.767178779
ENSG00000010017,1725.0,3.268610205
ENSG00000010270,1450.0,0.863474385
ENSG00000010803,1025.0,1.72009214
ENSG00000011114,1550.0,0.813653112
ENSG00000011258,1225.0,1.777750736
ENSG00000011275,1150.0,0.563847213
ENSG00000011295,1050.0,1.010979259
ENSG00000011376,625.0,0.7201686509999999
ENSG00000011426,1375.0,2.149451295
ENSG00000011485,300.0,0.576582795
ENSG00000011566,1775.0,1.969618756
ENSG00000012174,1600.0,0.8893651229999999
ENSG00000012660,1700.0,2.333901504
ENSG00000012983,1150.0,0.658451838
ENSG00000014824,1250.0,1.043866864
ENSG00000015153,900.0,1.25616696
ENSG00000015171,1475.0,0.635220565
ENSG00000015479,475.0,3.418356179
ENSG00000015676,1225.0,0.856617292
ENSG00000017260,1462.5,0.7065935825
ENSG00000017797,1500.0,1.352730718
ENSG00000018189,1650.0,1.334677472
ENSG00000018510,1650.0,1.605895242
ENSG00000020922,950.0,1.666772601
ENSG00000022840,1575.0,1.7990226919999999
ENSG00000023287,1400.0,2.336281396
ENSG00000023318,1575.0,1.0955070679999999
ENSG00000023516,1600.0,1.220480121
ENSG00000024048,1250.0,1.044986526
ENSG00000025293,825.0,0.799378812
ENSG00000025796,1850.0,1.4868005119999999
ENSG00000025800,1000.0,1.832750773
ENSG00000028116,1550.0,1.6274474209999998
ENSG00000029364,875.0,0.570984674
ENSG00000029534,1250.0,1.591620509
ENSG00000029639,625.0,0.767050747
ENSG00000030066,900.0,1.898944615
ENSG00000031003,1575.0,1.047645346
ENSG00000031823,725.0,0.654673147
ENSG00000032219,1275.0,0.9156747040000001
ENSG00000033178,1200.0,2.133076791
ENSG00000033327,1825.0,4.35418259
ENSG00000033627,2275.0,2.7642409210000003
ENSG00000033800,1425.0,1.284715828
ENSG00000034677,1725.0,1.819175038
ENSG00000035403,1625.0,2.562296231
ENSG00000035499,1675.0,1.7265299509999998
ENSG00000035681,1025.0,1.4094093330000002
ENSG00000035687,1000.0,1.540819655
ENSG00000035928,1425.0,0.945763331
ENSG00000036054,1150.0,1.599877508
ENSG00000036257,1525.0,1.162122077
ENSG00000037637,450.0,2.176881545
ENSG00000037749,1150.0,1.6273069219999998
ENSG00000038210,950.0,0.571124486
ENSG00000038219,1375.0,1.0701773209999998
ENSG00000039123,1250.0,2.090252553
ENSG00000039319,1125.0,0.6566326029999999
ENSG00000040341,975.0,1.618770326
ENSG00000042062,575.0,0.856476867
ENSG00000042088,600.0,0.6355006
ENSG00000043462,625.0,0.680003538
ENSG00000043514,1375.0,1.652638042
ENSG00000044115,1025.0,1.441597738
ENSG00000046604,1425.0,0.823029565
ENSG00000047056,75.0,0.549572521
ENSG00000047188,1175.0,0.9722138459999999
ENSG00000047249,1600.0,1.2782786720000001
ENSG00000047346,1150.0,0.7993784490000001
ENSG00000047410,1925.0,6.471724517999999
ENSG00000047579,1250.0,1.060660479
ENSG00000047597,1200.0,0.689660013
ENSG00000047621,1375.0,0.820091073
ENSG00000047648,2100.0,4.511203859
ENSG00000047849,1500.0,1.6930828080000002
ENSG00000047932,1025.0,1.281077192
ENSG00000048649,1450.0,2.3448179330000003
ENSG00000048707,725.0,1.187733076
ENSG00000048740,1500.0,1.60057741
ENSG00000048828,1350.0,1.514509694
ENSG00000048991,1525.0,1.084871473
ENSG00000049167,600.0,0.591277158
ENSG00000050748,75.0,0.602752782
ENSG00000051341,950.0,1.14812726
ENSG00000051382,1125.0,3.901875064
ENSG00000051825,1200.0,1.643402478
ENSG00000052126,1050.0,1.301369864
ENSG00000052795,1950.0,0.742280333
ENSG00000052841,1275.0,1.017276797
ENSG00000053524,800.0,0.6923188720000001
ENSG00000054118,1150.0,1.820015114
ENSG00000054267,1525.0,1.736746928
ENSG00000054277,1200.0,6.224862076
ENSG00000054282,1000.0,1.225798538
ENSG00000054983,1325.0,0.544954485
ENSG00000055130,1900.0,1.812877615
ENSG00000055147,1275.0,0.650894796
ENSG00000055208,1725.0,1.599457476
ENSG00000055332,850.0,0.521163905
ENSG00000055483,1450.0,0.639698795
ENSG00000055609,1800.0,2.248255031
ENSG00000056097,1350.0,3.278127305
ENSG00000056277,1125.0,0.592396763
ENSG00000057252,1400.0,0.660690996
ENSG00000057608,1075.0,2.7468866789999997
ENSG00000057663,1775.0,1.63080636
ENSG00000058063,1775.0,2.038472654
ENSG00000058272,1575.0,2.7543035239999996
ENSG00000058673,1225.0,5.976453055
ENSG00000058804,800.0,1.311866065
ENSG00000059588,800.0,0.5709846789999999
ENSG00000059758,2000.0,1.8748743209999998
ENSG00000060237,1375.0,0.910496744
ENSG00000060339,200.0,2.77571689
ENSG00000060749,1575.0,1.956883595
ENSG00000060982,1525.0,3.359436565
ENSG00000061676,2050.0,3.845474846
ENSG00000061794,1375.0,1.801961256
ENSG00000061936,1450.0,1.334677518
ENSG00000061987,1250.0,0.881807949
ENSG00000062650,1125.0,1.316344895
ENSG00000062725,1025.0,0.8850262329999999
ENSG00000063601,1550.0,0.7351431279999999
ENSG00000063978,1875.0,1.202987204
ENSG00000064115,625.0,0.501010986
ENSG00000064393,1025.0,0.820790582
ENSG00000064419,1475.0,3.360836308
ENSG00000064607,900.0,2.162606603
ENSG00000064726,1800.0,3.0879389739999996
ENSG00000064933,1175.0,1.031831126
ENSG00000065060,1325.0,1.698680231
ENSG00000065135,1700.0,1.446635064
ENSG00000065150,1175.0,1.528504163
ENSG00000065243,1500.0,1.969898295
ENSG00000065328,1025.0,1.100685526
ENSG00000065491,1300.0,1.2638641309999998
ENSG00000065526,1125.0,1.553974749
ENSG00000065559,1325.0,0.6787441409999999
ENSG00000065613,1725.0,0.679583718
ENSG00000065615,1350.0,0.6438973370000001
ENSG00000065883,1175.0,1.2831767809999999
ENSG00000066027,1250.0,2.248393867
ENSG00000066044,1450.0,0.778946349
ENSG00000066084,1175.0,0.999223194
ENSG00000066135,875.0,1.288915126
ENSG00000066136,2225.0,1.8191753330000002
ENSG00000066455,1225.0,0.939745754
ENSG00000066557,1700.0,0.8931442559999999
ENSG00000066739,975.0,0.8895049
ENSG00000066777,1250.0,1.396534241
ENSG00000066855,1725.0,0.885586513
ENSG00000067066,1250.0,0.5914169779999999
ENSG00000067248,1275.0,1.4972962440000002
ENSG00000067533,1250.0,0.685881795
ENSG00000067560,1500.0,0.956399808
ENSG00000067596,1050.0,0.6836427970000001
ENSG00000067704,725.0,2.7582232689999997
ENSG00000067900,1525.0,0.9710940509999999
ENSG00000067955,1525.0,1.5895210119999998
ENSG00000068305,1800.0,0.905038956
ENSG00000068366,1300.0,0.556710313
ENSG00000068489,1100.0,0.976691628
ENSG00000068650,1125.0,0.685181692
ENSG00000068654,875.0,0.8368844999999999
ENSG00000068784,1250.0,1.227198021
ENSG00000068796,1875.0,3.639890897
ENSG00000068878,1400.0,1.5273856419999998
ENSG00000069020,1500.0,0.776147568
ENSG00000069849,1275.0,1.969899346
ENSG00000069869,1400.0,0.963536885
ENSG00000069974,1300.0,3.749749038
ENSG00000070081,850.0,1.169959632
ENSG00000070182,1525.0,0.6566323079999999
ENSG00000070269,1250.0,0.506749013
ENSG00000070366,1175.0,0.9671758970000001
ENSG00000070367,1325.0,0.7208681440000001
ENSG00000070413,1525.0,2.026996832
ENSG00000070785,600.0,0.77810684
ENSG00000070814,875.0,0.9689955
ENSG00000070831,1650.0,2.5622962680000003
ENSG00000070950,1500.0,0.994185427
ENSG00000070961,1825.0,2.215086705
ENSG00000071051,1300.0,0.863614401
ENSG00000071054,1500.0,1.325440615
ENSG00000071127,875.0,1.4448168080000001
ENSG00000071189,1300.0,1.498835723
ENSG00000071537,1500.0,1.9567433719999998
ENSG00000071794,1550.0,2.035814554
ENSG00000072364,1300.0,1.505973286
ENSG00000072518,950.0,0.934987632
ENSG00000072803,1775.0,1.8057401530000001
ENSG00000073331,675.0,0.727585831
ENSG00000073614,1200.0,0.8349256690000001
ENSG00000073849,575.0,2.546202263
ENSG00000073921,1975.0,9.589059846
ENSG00000074054,1675.0,0.785104372
ENSG00000074370,300.0,2.282121551
ENSG00000074696,1500.0,0.886425685
ENSG00000075089,2075.0,1.432780718
ENSG00000075151,325.0,1.657116518
ENSG00000075292,1200.0,2.944911962
ENSG00000075303,1275.0,1.3738629619999998
ENSG00000075413,1700.0,1.145607847
ENSG00000075420,1075.0,5.180993954
ENSG00000075539,950.0,0.9562597509999999
ENSG00000075568,1775.0,0.823449456
ENSG00000075651,1750.0,2.981998206
ENSG00000075711,1050.0,1.5899409230000001
ENSG00000075785,1575.0,1.099146065
ENSG00000075790,1150.0,2.3012939230000002
ENSG00000075914,900.0,0.9597585670000001
ENSG00000076242,450.0,2.2281021080000003
ENSG00000076321,1075.0,0.7884631679999999
ENSG00000076513,900.0,0.917914453
ENSG00000076685,875.0,0.946603256
ENSG00000077097,1500.0,1.923855915
ENSG00000077147,1200.0,1.624368512
ENSG00000077157,975.0,0.7494175470000001
ENSG00000077232,1150.0,1.7766308469999998
ENSG00000077254,1300.0,2.216065891
ENSG00000077327,1125.0,2.439001487
ENSG00000077380,1100.0,1.6599149969999998
ENSG00000077514,475.0,0.7050542809999999
ENSG00000077549,1575.0,1.0134979179999999
ENSG00000078070,1300.0,0.576722603
ENSG00000078114,700.0,0.7093925879999999
ENSG00000078124,1350.0,0.521023604
ENSG00000078140,1300.0,2.274424422
ENSG00000078142,1175.0,1.584903205
ENSG00000078177,1200.0,0.890904441
ENSG00000078246,1250.0,0.8701923509999999
ENSG00000078369,1575.0,1.9270746669999999
ENSG00000078699,1975.0,0.999223392
ENSG00000078747,1150.0,1.134832641
ENSG00000079134,1250.0,1.589522115
ENSG00000079387,1175.0,1.460210385
ENSG00000079819,1750.0,0.806515942
ENSG00000079950,1725.0,0.941145199
ENSG00000080298,1525.0,1.327540047
ENSG00000080345,1425.0,3.9645677439999996
ENSG00000080503,1825.0,1.118878391
ENSG00000080546,925.0,0.984948632
ENSG00000080603,250.0,1.5983386990000001
ENSG00000080608,1800.0,1.061640374
ENSG00000080802,1925.0,2.255391487
ENSG00000080839,1125.0,1.538720497
ENSG00000080986,1025.0,4.962254486
ENSG00000081014,975.0,0.613808703
ENSG00000081019,1675.0,2.108726533
ENSG00000081026,1250.0,0.78510391
ENSG00000081237,1600.0,1.986412179
ENSG00000081913,825.0,0.8283478940000001
ENSG00000082258,1675.0,2.320886305
ENSG00000082516,850.0,0.60275275
ENSG00000082701,1025.0,1.2281775670000001
ENSG00000083097,1100.0,0.8136533909999999
ENSG00000083168,1775.0,1.953944897
ENSG00000083223,975.0,1.1593235290000001
ENSG00000083312,1250.0,2.459715015
ENSG00000083535,1250.0,1.0747954229999999
ENSG00000083544,975.0,0.699456265
ENSG00000083642,1025.0,0.7065936709999999
ENSG00000083720,1300.0,0.659151426
ENSG00000083750,1400.0,0.662790354
ENSG00000083857,1750.0,1.084871782
ENSG00000084070,1325.0,2.7944690810000004
ENSG00000084234,1600.0,1.170519028
ENSG00000084676,1175.0,1.662994078
ENSG00000084733,1750.0,2.6252731540000003
ENSG00000084754,1275.0,3.031960068
ENSG00000084764,1650.0,1.820014883
ENSG00000085224,1325.0,0.649494885
ENSG00000085377,1300.0,0.535437991
ENSG00000085382,1300.0,0.606671424
ENSG00000085491,775.0,0.94254484
ENSG00000085511,1575.0,1.4646886669999999
ENSG00000085719,550.0,0.533199246
ENSG00000085832,1750.0,2.563555833
ENSG00000085871,1125.0,1.0798327079999999
ENSG00000085978,1100.0,0.742000423
ENSG00000086062,1875.0,0.76159285
ENSG00000086102,875.0,1.112301127
ENSG00000086300,700.0,0.507588822
ENSG00000086619,1300.0,0.628083363
ENSG00000086666,1925.0,2.9548488330000002
ENSG00000086712,1050.0,0.713730923
ENSG00000086827,950.0,0.769429997
ENSG00000087053,1550.0,0.6146483970000001
ENSG00000087095,1450.0,2.2089287630000003
ENSG00000087157,650.0,0.5505523760000001
ENSG00000087274,1600.0,1.259945128
ENSG00000087301,950.0,0.530959932
ENSG00000087470,1175.0,0.585259332
ENSG00000087502,1450.0,1.38169944
ENSG00000087589,1250.0,1.919096794
ENSG00000088179,1650.0,0.919173386
ENSG00000088280,1275.0,0.606671119
ENSG00000088305,1200.0,1.036589296
ENSG00000088325,975.0,3.7601075689999996
ENSG00000088387,50.0,0.622065462
ENSG00000088930,1700.0,0.8602561459999999
ENSG00000089022,1075.0,0.646556004
ENSG00000089048,1400.0,0.799379167
ENSG00000089053,1100.0,1.8032221730000002
ENSG00000089159,950.0,0.6209459039999999
ENSG00000089234,1350.0,0.995445301
ENSG00000089472,1175.0,4.470901509
ENSG00000089902,1325.0,2.2949967559999997
ENSG00000089916,1225.0,1.009999447
ENSG00000090020,975.0,0.820790556
ENSG00000090054,750.0,0.541736013
ENSG00000090060,1550.0,1.432080704
ENSG00000090061,1400.0,1.179476317
ENSG00000090316,1250.0,0.521023488
ENSG00000090686,1525.0,1.5697887030000002
ENSG00000090863,850.0,0.9992238179999999
ENSG00000090889,1400.0,1.299550397
ENSG00000090905,1600.0,2.786071962
ENSG00000090989,900.0,1.341814769
ENSG00000091009,1600.0,1.599458236
ENSG00000091039,1650.0,1.5630707640000001
ENSG00000091140,1650.0,6.031174922999999
ENSG00000091436,1775.0,1.27911835
ENSG00000091490,1675.0,0.842202508
ENSG00000092140,1975.0,1.402411896
ENSG00000092148,1400.0,1.655016526
ENSG00000092199,850.0,6.659400128
ENSG00000092439,1250.0,1.327539981
ENSG00000092470,1100.0,2.380925481
ENSG00000092847,1275.0,0.848080397
ENSG00000092853,975.0,2.266728409
ENSG00000093009,725.0,4.117112423
ENSG00000093144,1050.0,1.179056372
ENSG00000093217,575.0,0.69021995
ENSG00000094975,1575.0,1.662014487
ENSG00000095002,600.0,1.960243182
ENSG00000095015,1325.0,0.806515953
ENSG00000095209,1650.0,0.888245135
ENSG00000095319,1150.0,0.906438603
ENSG00000095564,1525.0,1.303469226
ENSG00000095787,1225.0,4.89843909
ENSG00000095794,1750.0,0.6994564940000001
ENSG00000096060,1475.0,1.448874196
ENSG00000096063,900.0,1.4103889490000001
ENSG00000096401,1225.0,2.321446833
ENSG00000096968,1075.0,2.655500299
ENSG00000097096,1325.0,0.556710218
ENSG00000099219,950.0,0.670907244
ENSG00000099783,1925.0,4.839661205
ENSG00000099910,850.0,1.391776231
ENSG00000099968,1750.0,1.147848205
ENSG00000100028,1950.0,2.293738013
ENSG00000100030,1725.0,6.958883731
ENSG00000100129,1050.0,1.849683659
ENSG00000100181,1600.0,1.706797923
ENSG00000100320,1800.0,0.69945621
ENSG00000100325,850.0,0.589597914
ENSG00000100330,1075.0,0.578122037
ENSG00000100345,1175.0,0.728005488
ENSG00000100354,1250.0,0.9492625509999999
ENSG00000100393,1250.0,1.087530462
ENSG00000100401,575.0,0.628223346
ENSG00000100412,550.0,0.588757894
ENSG00000100479,250.0,0.824569627
ENSG00000100485,1900.0,1.218800865
ENSG00000100554,1150.0,0.689940254
ENSG00000100578,1175.0,0.84598135
ENSG00000100596,2000.0,0.7622926790000001
ENSG00000100603,1275.0,1.103624879
ENSG00000100647,1425.0,0.642357731
ENSG00000100722,775.0,1.120138423
ENSG00000100749,1925.0,1.9128003230000001
ENSG00000100784,1500.0,0.556710064
ENSG00000100796,1125.0,0.928130508
ENSG00000100811,1475.0,0.926450863
ENSG00000100852,1325.0,2.88011636
ENSG00000100883,1100.0,0.563847573
ENSG00000100934,1275.0,0.7046346720000001
ENSG00000100991,1250.0,1.147707924
ENSG00000101019,750.0,0.9165149370000001
ENSG00000101040,1000.0,6.309948962000001
ENSG00000101096,1525.0,0.8718714190000001
ENSG00000101109,1225.0,1.330339465
ENSG00000101161,550.0,1.348113299
ENSG00000101191,2425.0,1.6915435509999999
ENSG00000101236,1175.0,3.244400038
ENSG00000101266,1675.0,1.520527728
ENSG00000101310,875.0,1.0112595640000002
ENSG00000101337,1125.0,0.7065936620000001
ENSG00000101407,700.0,1.020635205
ENSG00000101413,1050.0,1.272260427
ENSG00000101421,1050.0,0.7993785640000001
ENSG00000101452,625.0,0.604291901
ENSG00000101557,1375.0,1.582803781
ENSG00000101558,1600.0,15.10774525
ENSG00000101596,1450.0,2.354613359
ENSG00000101639,1425.0,2.239997641
ENSG00000101752,700.0,1.327260583
ENSG00000101773,1150.0,0.921553051
ENSG00000101868,1300.0,0.8603957959999999
ENSG00000101901,950.0,1.983893654
ENSG00000101935,1125.0,0.909237183
ENSG00000101966,475.0,1.860180655
ENSG00000101972,1325.0,2.030916192
ENSG00000101974,1075.0,0.7422799640000001
ENSG00000102034,1050.0,0.720868347
ENSG00000102172,1325.0,0.770829578
ENSG00000102189,750.0,0.635220631
ENSG00000102384,350.0,0.599534173
ENSG00000102471,2000.0,0.8773295
ENSG00000102531,1800.0,1.374842353
ENSG00000102580,1925.0,0.9135755870000001
ENSG00000102606,975.0,0.8422026859999999
ENSG00000102699,525.0,0.966615705
ENSG00000102710,275.0,0.994045885
ENSG00000102738,1075.0,0.8098750579999999
ENSG00000102753,2000.0,0.635220397
ENSG00000102763,900.0,0.7210083079999999
ENSG00000102786,525.0,1.229576527
ENSG00000102893,1825.0,2.538645803
ENSG00000102900,850.0,0.574903124
ENSG00000102908,1500.0,2.047989449
ENSG00000102910,1250.0,1.272680877
ENSG00000102921,1425.0,0.9421248329999999
ENSG00000103018,575.0,0.7918214029999999
ENSG00000103051,300.0,0.922672919
ENSG00000103126,700.0,0.505909436
ENSG00000103148,150.0,0.626823667
ENSG00000103194,1850.0,2.60819909
ENSG00000103335,700.0,0.585259236
ENSG00000103342,1250.0,2.5733518330000003
ENSG00000103479,1050.0,1.2898943379999999
ENSG00000103591,1250.0,1.203266808
ENSG00000103657,1975.0,2.398137308
ENSG00000103671,200.0,0.604432532
ENSG00000103978,1025.0,0.8750900559999999
ENSG00000103995,1525.0,1.232236213
ENSG00000104064,1050.0,1.202427215
ENSG00000104067,1675.0,1.083191791
ENSG00000104093,950.0,0.8207907940000001
ENSG00000104133,925.0,2.056947178
ENSG00000104205,1375.0,2.231599741
ENSG00000104299,775.0,0.803297192
ENSG00000104320,1450.0,1.4646892180000002
ENSG00000104324,650.0,1.070596482
ENSG00000104325,1650.0,4.069951167
ENSG00000104341,1525.0,1.1134203329999999
ENSG00000104365,1025.0,0.692318962
ENSG00000104375,1075.0,0.792241538
ENSG00000104388,1850.0,1.235734301
ENSG00000104408,1750.0,6.459131497
ENSG00000104412,1275.0,0.655932844
ENSG00000104447,1575.0,1.574546915
ENSG00000104497,1200.0,1.01349841
ENSG00000104517,1275.0,2.523389819
ENSG00000104643,1475.0,1.01293846
ENSG00000104660,1325.0,1.898525744
ENSG00000104687,600.0,0.8484999320000001
ENSG00000104723,1350.0,1.00636069
ENSG00000104731,450.0,0.652714156
ENSG00000104765,1100.0,0.672586962
ENSG00000105053,975.0,0.500731449
ENSG00000105176,1200.0,2.069821165
ENSG00000105186,925.0,0.754035737
ENSG00000105221,1400.0,0.9064385509999999
ENSG00000105486,925.0,0.5922567360000001
ENSG00000105705,500.0,0.548313408
ENSG00000105778,1225.0,2.6265320780000003
ENSG00000105793,1250.0,1.884251123
ENSG00000105829,1175.0,1.178496535
ENSG00000105851,1075.0,3.287783821
ENSG00000105887,1975.0,4.396306423
ENSG00000105926,1050.0,0.635220391
ENSG00000105939,1575.0,1.309486821
ENSG00000105953,375.0,0.8433221670000001
ENSG00000105983,1425.0,1.662993859
ENSG00000106028,850.0,5.716991505
ENSG00000106034,1625.0,10.72822951
ENSG00000106049,725.0,0.8795682440000001
ENSG00000106052,1825.0,1.595120609
ENSG00000106070,1750.0,2.380644179
ENSG00000106125,1100.0,0.576722567
ENSG00000106299,1675.0,6.422466179
ENSG00000106346,1475.0,0.7727886140000001
ENSG00000106392,1350.0,0.951501218
ENSG00000106415,1325.0,0.799378933
ENSG00000106443,1125.0,1.2379729529999999
ENSG00000106459,2200.0,2.319627118
ENSG00000106462,1700.0,5.3283575260000005
ENSG00000106524,950.0,1.669292082
ENSG00000106554,1100.0,1.5054132169999999
ENSG00000106603,1250.0,1.927074933
ENSG00000106723,1350.0,0.7494175129999999
ENSG00000106771,1575.0,1.746682321
ENSG00000106780,1175.0,0.521023724
ENSG00000106799,1925.0,2.262528385
ENSG00000106868,1875.0,1.7080569490000002
ENSG00000107036,1825.0,1.1110410579999999
ENSG00000107099,1350.0,1.3846385380000001
ENSG00000107164,975.0,1.2287375329999999
ENSG00000107242,1050.0,0.713730923
ENSG00000107290,350.0,1.258126974
ENSG00000107341,825.0,0.649495324
ENSG00000107362,1550.0,0.686301497
ENSG00000107438,1600.0,0.8242892559999999
ENSG00000107560,925.0,0.9778118379999999
ENSG00000107581,1150.0,3.251537846
ENSG00000107625,800.0,2.1486127180000003
ENSG00000107651,1075.0,0.627803703
ENSG00000107731,1650.0,1.403811538
ENSG00000107745,1400.0,0.9492623720000001
ENSG00000107771,1675.0,0.656632542
ENSG00000107779,1425.0,1.447474549
ENSG00000107789,975.0,2.034134595
ENSG00000107854,1100.0,0.933308191
ENSG00000107862,1025.0,0.7191889309999999
ENSG00000107864,1300.0,0.596175365
ENSG00000107929,1475.0,3.1236247739999996
ENSG00000107938,850.0,0.757534458
ENSG00000108010,1250.0,0.841922478
ENSG00000108021,1550.0,1.5345222619999999
ENSG00000108039,1200.0,0.538376949
ENSG00000108061,1650.0,1.1776564379999999
ENSG00000108091,1525.0,0.978651218
ENSG00000108094,1200.0,0.8074955
ENSG00000108100,2000.0,2.1735218080000003
ENSG00000108176,1050.0,0.8437413579999999
ENSG00000108219,1575.0,0.749417405
ENSG00000108264,875.0,0.64949541
ENSG00000108270,1600.0,1.480083309
ENSG00000108384,325.0,1.430262282
ENSG00000108443,725.0,1.014058403
ENSG00000108469,500.0,0.633401236
ENSG00000108474,1000.0,0.5022707439999999
ENSG00000108506,325.0,0.768590271
ENSG00000108510,1425.0,3.0546312560000004
ENSG00000108578,800.0,1.9715788269999999
ENSG00000108587,1050.0,1.9158788709999999
ENSG00000108599,1375.0,1.264563846
ENSG00000108651,750.0,1.2014484220000001
ENSG00000108669,1075.0,0.735143013
ENSG00000108883,1225.0,1.4669275819999998
ENSG00000109016,425.0,0.570984529
ENSG00000109111,1175.0,4.326054537
ENSG00000109118,1575.0,1.5559339719999998
ENSG00000109171,1625.0,1.1078225259999999
ENSG00000109184,1350.0,1.19277045
ENSG00000109220,1650.0,1.004541785
ENSG00000109255,1150.0,1.9497466540000001
ENSG00000109332,1175.0,0.6946982629999999
ENSG00000109381,1375.0,1.955624372
ENSG00000109458,1175.0,0.8528387590000001
ENSG00000109586,1675.0,1.398913321
ENSG00000109606,1475.0,3.227605203
ENSG00000109618,1125.0,1.084871522
ENSG00000109670,1350.0,1.514929526
ENSG00000109674,1075.0,0.80273756
ENSG00000109685,1675.0,2.226842269
ENSG00000109756,1125.0,1.481762077
ENSG00000109790,1775.0,1.184793295
ENSG00000109861,1700.0,4.012431756000001
ENSG00000109911,750.0,0.647955718
ENSG00000109920,350.0,1.516889036
ENSG00000110048,1050.0,1.867876981
ENSG00000110066,1550.0,0.83506514
ENSG00000110075,1325.0,1.8645183969999999
ENSG00000110274,525.0,0.52760101
ENSG00000110367,1600.0,2.956387308
ENSG00000110395,550.0,0.554750899
ENSG00000110422,1650.0,0.777966912
ENSG00000110435,1425.0,0.577422109
ENSG00000110497,1425.0,1.034910244
ENSG00000110514,1000.0,1.2724013459999999
ENSG00000110619,600.0,1.741924731
ENSG00000110713,1200.0,1.759837574
ENSG00000110723,575.0,0.856477403
ENSG00000110756,1325.0,1.06247986
ENSG00000110768,1300.0,1.8654980380000001
ENSG00000110844,800.0,0.63522054
ENSG00000110880,1550.0,1.9384110559999999
ENSG00000110975,850.0,1.070596865
ENSG00000111110,1500.0,1.12769514
ENSG00000111142,1575.0,2.776274491
ENSG00000111252,1750.0,1.144489212
ENSG00000111300,1150.0,1.1840940640000002
ENSG00000111530,1675.0,1.453912585
ENSG00000111581,475.0,1.453633256
ENSG00000111596,1825.0,2.376726044
ENSG00000111647,1900.0,0.59239659
ENSG00000111731,725.0,0.7016956790000001
ENSG00000111785,1025.0,0.626543538
ENSG00000111860,1350.0,0.942125012
ENSG00000111877,1175.0,0.739481705
ENSG00000111879,525.0,0.728005577
ENSG00000111885,1325.0,4.4840528719999995
ENSG00000111907,1400.0,1.170099367
ENSG00000111912,875.0,1.8625590140000001
ENSG00000112033,325.0,1.3556694999999999
ENSG00000112062,1100.0,0.825828795
ENSG00000112078,600.0,1.484001229
ENSG00000112079,800.0,0.953460883
ENSG00000112130,1275.0,0.968015418
ENSG00000112234,1175.0,0.8443016790000001
ENSG00000112249,1400.0,0.86991249
ENSG00000112282,1375.0,1.800002914
ENSG00000112305,1300.0,0.8778888490000001
ENSG00000112335,1525.0,1.227617756
ENSG00000112339,1875.0,3.993959937
ENSG00000112419,1950.0,1.641581585
ENSG00000112584,1025.0,1.505973579
ENSG00000112624,300.0,0.918613645
ENSG00000112664,1850.0,2.062544141
ENSG00000112739,1450.0,4.946021774
ENSG00000112851,1225.0,2.9055878589999997
ENSG00000112877,1075.0,0.7432600690000001
ENSG00000112893,1475.0,1.042327235
ENSG00000112941,1175.0,1.341255073
ENSG00000112977,1450.0,2.543682821
ENSG00000112992,1850.0,1.334677279
ENSG00000113048,1075.0,0.980750283
ENSG00000113068,1375.0,1.078153538
ENSG00000113163,1550.0,1.199068865
ENSG00000113194,1200.0,1.6172309880000002
ENSG00000113269,1225.0,0.504509681
ENSG00000113282,1350.0,1.092008474
ENSG00000113300,850.0,1.3703646409999999
ENSG00000113312,975.0,0.756555141
ENSG00000113360,650.0,1.617651524
ENSG00000113368,1300.0,2.399537478
ENSG00000113384,1075.0,2.9759808089999997
ENSG00000113441,1575.0,0.9267307770000001
ENSG00000113522,800.0,1.190951986
ENSG00000113558,1400.0,3.601125218
ENSG00000113569,1050.0,1.237834218
ENSG00000113580,1800.0,2.570973782
ENSG00000113597,875.0,0.613528945
ENSG00000113615,1300.0,0.803717295
ENSG00000113648,1275.0,1.165760538
ENSG00000113649,1750.0,2.6734139999999997
ENSG00000113658,1675.0,1.22034001
ENSG00000113712,825.0,2.5902863330000003
ENSG00000113716,1100.0,1.2631639559999999
ENSG00000113732,1325.0,1.180175782
ENSG00000113761,475.0,0.777407153
ENSG00000113971,775.0,0.578122449
ENSG00000114030,1425.0,0.737941878
ENSG00000114054,850.0,0.8298877459999999
ENSG00000114062,1850.0,1.955623782
ENSG00000114098,1350.0,1.761796519
ENSG00000114126,825.0,2.431865237
ENSG00000114166,1100.0,0.829607365
ENSG00000114209,1775.0,3.3034591410000003
ENSG00000114316,150.0,0.685181956
ENSG00000114331,1375.0,1.611493742
ENSG00000114346,1650.0,2.8444304739999997
ENSG00000114416,1550.0,1.827152013
ENSG00000114423,800.0,0.7155504359999999
ENSG00000114439,1450.0,0.6709071670000001
ENSG00000114450,1350.0,0.578122218
ENSG00000114573,1325.0,0.578122
ENSG00000114648,1550.0,0.8422031329999999
ENSG00000114686,1400.0,1.3176046540000002
ENSG00000114742,825.0,1.117199506
ENSG00000114796,1125.0,1.6281469919999998
ENSG00000114904,1125.0,0.5210235
ENSG00000114933,875.0,0.5567100620000001
ENSG00000114982,1625.0,2.327604705
ENSG00000114999,425.0,0.8076360690000001
ENSG00000115020,1625.0,1.124056154
ENSG00000115084,1450.0,1.8050403309999998
ENSG00000115091,1725.0,3.1451766919999997
ENSG00000115145,500.0,0.549572579
ENSG00000115170,1175.0,1.884250769
ENSG00000115233,2000.0,2.405414923
ENSG00000115239,1125.0,1.070596926
ENSG00000115306,1725.0,2.074859678
ENSG00000115310,1800.0,13.68140221
ENSG00000115355,1700.0,1.5875626269999998
ENSG00000115364,1850.0,2.4766483459999997
ENSG00000115392,1475.0,1.616391383
ENSG00000115415,1750.0,0.9033600759999999
ENSG00000115419,1775.0,1.7976229730000002
ENSG00000115421,1100.0,0.7856639540000001
ENSG00000115524,1850.0,3.104592901
ENSG00000115548,1400.0,1.3714834409999999
ENSG00000115561,1225.0,0.7708294090000001
ENSG00000115756,1450.0,1.298991087
ENSG00000115760,1725.0,1.5864429269999998
ENSG00000115761,375.0,0.794900765
ENSG00000115762,1375.0,1.188152146
ENSG00000115808,1725.0,1.3525901830000002
ENSG00000115827,725.0,1.149107041
ENSG00000115839,1325.0,2.7028039089999996
ENSG00000115840,750.0,0.693858396
ENSG00000115866,1300.0,1.473644679
ENSG00000115896,1925.0,3.001591538
ENSG00000115947,1575.0,0.56440725
ENSG00000115977,1625.0,2.3907201540000003
ENSG00000115998,925.0,1.792585651
ENSG00000116017,75.0,0.554891053
ENSG00000116120,800.0,1.242032381
ENSG00000116138,900.0,1.211243923
ENSG00000116198,50.0,0.8156131259999999
ENSG00000116199,1375.0,1.265123526
ENSG00000116266,1100.0,1.383099487
ENSG00000116406,1025.0,1.399192896
ENSG00000116473,1450.0,1.705817674
ENSG00000116478,1425.0,0.9990831790000001
ENSG00000116489,1550.0,3.6011258710000003
ENSG00000116497,275.0,2.8817960119999997
ENSG00000116539,1450.0,0.770829636
ENSG00000116678,1225.0,0.78482424
ENSG00000116698,1875.0,1.529204974
ENSG00000116731,1775.0,1.541659905
ENSG00000116750,1475.0,2.948691382
ENSG00000116754,2750.0,3.954774885
ENSG00000116786,1425.0,0.770829318
ENSG00000116830,825.0,1.428162191
ENSG00000116984,1575.0,1.89544715
ENSG00000117000,1575.0,1.120557833
ENSG00000117155,2125.0,3.286523269
ENSG00000117174,950.0,1.088370923
ENSG00000117335,1500.0,4.232428987
ENSG00000117419,825.0,0.910916692
ENSG00000117461,1000.0,0.518504422
ENSG00000117523,1525.0,2.444040723
ENSG00000117528,1725.0,0.7280053670000001
ENSG00000117533,1025.0,0.835485282
ENSG00000117569,1525.0,1.981094603
ENSG00000117625,575.0,1.9650007180000002
ENSG00000117697,1100.0,2.2229244230000003
ENSG00000117713,1225.0,5.2414511280000005
ENSG00000117724,250.0,3.8058689589999997
ENSG00000117758,675.0,0.7158302879999999
ENSG00000117859,875.0,1.7165942134999999
ENSG00000118007,1400.0,0.6637697260000001
ENSG00000118058,1500.0,3.1331416919999997
ENSG00000118193,650.0,3.626597718
ENSG00000118197,600.0,1.288354467
ENSG00000118217,1750.0,2.289397729
ENSG00000118260,650.0,1.084871179
ENSG00000118412,725.0,1.4660884490000001
ENSG00000118420,500.0,0.592396819
ENSG00000118454,975.0,0.7126115690000001
ENSG00000118482,1900.0,2.416610288
ENSG00000118495,1325.0,0.729684992
ENSG00000118705,1200.0,1.6169505259999999
ENSG00000118873,1150.0,2.1697433459999997
ENSG00000118961,1075.0,0.5781218379999999
ENSG00000119125,775.0,1.021335578
ENSG00000119203,425.0,1.689024244
ENSG00000119231,1675.0,1.620309617
ENSG00000119285,1125.0,2.4958216490000003
ENSG00000119314,1450.0,1.715893974
ENSG00000119318,1650.0,2.596022972
ENSG00000119321,1000.0,0.748718
ENSG00000119397,1175.0,1.012658782
ENSG00000119414,1275.0,0.812533869
ENSG00000119487,725.0,0.585259409
ENSG00000119514,825.0,0.8557775809999999
ENSG00000119522,950.0,0.6923190920000001
ENSG00000119596,975.0,0.871171777
ENSG00000119705,825.0,0.943385833
ENSG00000119707,1175.0,0.9691350129999999
ENSG00000119729,950.0,0.799378487
ENSG00000119778,1450.0,0.778107074
ENSG00000119787,1675.0,1.834290121
ENSG00000119844,1550.0,0.9362470420000001
ENSG00000119906,1350.0,1.700359774
ENSG00000119912,900.0,0.777966885
ENSG00000120008,1500.0,1.113420712
ENSG00000120071,1475.0,3.104732405
ENSG00000120158,1900.0,1.7965043580000002
ENSG00000120159,1550.0,0.9715143009999999
ENSG00000120254,1150.0,1.5496359309999999
ENSG00000120265,1325.0,1.9041228590000001
ENSG00000120306,1400.0,1.128954692
ENSG00000120451,225.0,1.055202219
ENSG00000120519,1225.0,0.6210858920000001
ENSG00000120526,1250.0,0.868092918
ENSG00000120616,1450.0,1.348951885
ENSG00000120656,750.0,0.913575722
ENSG00000120725,1050.0,0.692318992
ENSG00000120742,1325.0,1.354829871
ENSG00000120868,925.0,0.911056953
ENSG00000120889,1100.0,3.4355688310000003
ENSG00000120910,1600.0,0.835065353
ENSG00000120992,1325.0,1.6084150080000001
ENSG00000121067,825.0,1.2309759470000001
ENSG00000121104,1100.0,2.755004154
ENSG00000121210,1350.0,0.9670357759999999
ENSG00000121211,1175.0,2.1379748259999998
ENSG00000121281,1150.0,0.6709070189999999
ENSG00000121390,175.0,0.8156129590000001
ENSG00000121481,1775.0,1.127695333
ENSG00000121542,1050.0,1.106563308
ENSG00000121621,1600.0,2.599942378
ENSG00000121644,1100.0,1.7771917940000002
ENSG00000121741,1275.0,0.896781962
ENSG00000121749,1225.0,1.712814979
ENSG00000121766,775.0,1.1127210459999999
ENSG00000121774,1400.0,3.5480876460000004
ENSG00000121892,1450.0,1.188992551
ENSG00000121895,1350.0,1.163381726
ENSG00000121964,2200.0,0.7851040140000001
ENSG00000121988,1000.0,0.899301
ENSG00000122008,1850.0,1.561672154
ENSG00000122126,1425.0,0.920993026
ENSG00000122218,1100.0,3.982622923
ENSG00000122299,1150.0,1.297031669
ENSG00000122376,1375.0,0.506749205
ENSG00000122482,1575.0,2.467971763
ENSG00000122483,925.0,1.459510615
ENSG00000122484,25.0,0.917494149
ENSG00000122545,1800.0,1.120557968
ENSG00000122550,775.0,0.563147895
ENSG00000122557,825.0,0.904059328
ENSG00000122591,1725.0,0.6637696120000001
ENSG00000122643,1500.0,1.2276173190000002
ENSG00000122705,1050.0,0.9407256940000001
ENSG00000122741,725.0,1.16632051
ENSG00000122779,1275.0,2.187097077
ENSG00000122783,1700.0,2.246155641
ENSG00000122912,1075.0,1.265683671
ENSG00000122958,1575.0,2.074440276
ENSG00000122966,900.0,1.0242739459999999
ENSG00000123066,1850.0,3.2617538689999996
ENSG00000123106,850.0,1.0197958459999998
ENSG00000123124,1700.0,0.613808679
ENSG00000123200,1550.0,1.1563845
ENSG00000123219,1200.0,2.8128015630000003
ENSG00000123352,925.0,0.785943935
ENSG00000123552,825.0,1.077594038
ENSG00000123607,1475.0,1.1577840259999999
ENSG00000123684,2075.0,1.617930603
ENSG00000123908,975.0,0.6280833579999999
ENSG00000123983,1950.0,3.3854668460000004
ENSG00000124151,1275.0,2.191156244
ENSG00000124164,925.0,1.784328295
ENSG00000124177,1475.0,1.1407104240000001
ENSG00000124198,1200.0,1.177096833
ENSG00000124201,1425.0,0.5067489239999999
ENSG00000124207,1325.0,2.370148321
ENSG00000124209,1100.0,0.8277879229999999
ENSG00000124214,925.0,1.080113178
ENSG00000124356,500.0,1.4050711790000001
ENSG00000124422,1550.0,2.055546867
ENSG00000124486,1500.0,1.534522126
ENSG00000124571,575.0,4.385812803
ENSG00000124782,1325.0,2.7089612869999997
ENSG00000124783,1225.0,3.198496295
ENSG00000124789,1475.0,2.848769192
ENSG00000124795,1675.0,6.694244154
ENSG00000125107,1350.0,1.5987586280000001
ENSG00000125257,1325.0,0.613808594
ENSG00000125304,1525.0,1.2027068509999999
ENSG00000125633,600.0,0.562308138
ENSG00000125676,1375.0,1.4905787819999998
ENSG00000125686,1225.0,0.9275706440000001
ENSG00000125755,525.0,1.26498409
ENSG00000125772,2225.0,1.868996712
ENSG00000125814,1700.0,1.006500371
ENSG00000125827,925.0,0.687281058
ENSG00000125885,850.0,1.317744217
ENSG00000125952,1125.0,2.080876551
ENSG00000125954,1575.0,1.828131705
ENSG00000125962,875.0,0.6066716
ENSG00000125970,1375.0,1.177656263
ENSG00000126001,750.0,0.8213505259999999
ENSG00000126067,1575.0,1.976336095
ENSG00000126070,1750.0,0.970814429
ENSG00000126216,1350.0,0.7597737440000001
ENSG00000126261,1300.0,3.285684955
ENSG00000126773,1950.0,1.4585306530000002
ENSG00000126777,1800.0,0.6858814540000001
ENSG00000126787,1225.0,2.4387209359999997
ENSG00000126858,1675.0,1.127695167
ENSG00000126870,975.0,1.29325315
ENSG00000126883,2075.0,10.71059969
ENSG00000127191,1250.0,0.535298297
ENSG00000127311,425.0,0.549992724
ENSG00000127314,1875.0,4.057914308
ENSG00000127483,1600.0,7.526094295
ENSG00000127511,1525.0,0.504649673
ENSG00000127688,1325.0,0.706593655
ENSG00000127870,1050.0,1.306128923
ENSG00000127914,1350.0,1.191931209
ENSG00000127922,1750.0,2.902089333
ENSG00000127928,1325.0,1.7437433580000001
ENSG00000127947,1750.0,1.592040769
ENSG00000127952,675.0,0.8788694229999999
ENSG00000128059,1350.0,1.498836109
ENSG00000128513,1600.0,1.4700070180000002
ENSG00000128563,75.0,1.30612869
ENSG00000128578,575.0,2.675933622
ENSG00000128585,1700.0,2.291078255
ENSG00000128607,625.0,2.362450526
ENSG00000128654,1200.0,1.855701395
ENSG00000128791,1375.0,0.836184977
ENSG00000128829,1400.0,0.6363404260000001
ENSG00000128881,1375.0,0.5352980629999999
ENSG00000128908,1350.0,0.691759445
ENSG00000128915,1225.0,1.444256356
ENSG00000128918,1725.0,3.294080935
ENSG00000128923,975.0,0.630182667
ENSG00000129003,1025.0,0.695538115
ENSG00000129084,950.0,0.6994561029999999
ENSG00000129292,1075.0,1.251407833
ENSG00000129515,1075.0,1.21334309
ENSG00000129521,1125.0,0.6709071120000001
ENSG00000129534,1775.0,1.8082593009999999
ENSG00000129625,1375.0,0.849339782
ENSG00000129636,1275.0,1.385899019
ENSG00000129657,1200.0,0.821071045
ENSG00000129682,1875.0,1.798742321
ENSG00000129993,1850.0,1.363086983
ENSG00000130202,1200.0,0.72044824
ENSG00000130340,1925.0,4.480275853999999
ENSG00000130396,2150.0,2.447818949
ENSG00000130402,1400.0,1.711555859
ENSG00000130414,1400.0,1.7529810959999998
ENSG00000130449,800.0,0.576722799
ENSG00000130559,1425.0,0.635220487
ENSG00000130638,1425.0,0.619406494
ENSG00000130695,1425.0,2.097671473
ENSG00000130723,1475.0,1.741504444
ENSG00000130749,650.0,1.356089321
ENSG00000130779,1125.0,1.2133430459999999
ENSG00000130816,900.0,1.6795081509999998
ENSG00000130856,900.0,0.521863005
ENSG00000130939,1050.0,1.240353069
ENSG00000131013,1375.0,2.5355661
ENSG00000131269,825.0,0.670907064
ENSG00000131373,600.0,0.733463513
ENSG00000131375,925.0,1.279818128
ENSG00000131389,1050.0,0.7715291320000001
ENSG00000131507,1675.0,1.177656456
ENSG00000131508,600.0,1.818615603
ENSG00000131558,1175.0,1.0634591420000001
ENSG00000131626,950.0,0.760753076
ENSG00000131711,1575.0,2.4746886790000002
ENSG00000131725,1675.0,0.9789313690000001
ENSG00000131778,1450.0,1.3728832130000002
ENSG00000131873,925.0,0.674405901
ENSG00000132155,975.0,1.608974527
ENSG00000132182,675.0,0.977811678
ENSG00000132294,1625.0,1.209004594
ENSG00000132305,1350.0,1.0778738509999999
ENSG00000132383,825.0,0.6802838259999999
ENSG00000132388,1275.0,0.628083206
ENSG00000132394,1150.0,0.527181177
ENSG00000132405,975.0,1.272960873
ENSG00000132466,1625.0,3.8880176410000002
ENSG00000132478,1275.0,0.977532244
ENSG00000132549,1350.0,0.6409585289999999
ENSG00000132570,225.0,1.5224867619999998
ENSG00000132600,1125.0,0.599533938
ENSG00000132716,825.0,1.9899109869999998
ENSG00000132837,1475.0,1.147007694
ENSG00000132842,1325.0,1.1562442290000001
ENSG00000132912,1025.0,1.965420569
ENSG00000132950,1250.0,0.647116149
ENSG00000132952,1025.0,0.999223564
ENSG00000132964,1850.0,0.8154728920000001
ENSG00000133026,1000.0,1.029452382
ENSG00000133059,1650.0,1.070596947
ENSG00000133104,1300.0,1.522207186
ENSG00000133114,1325.0,0.6461365370000001
ENSG00000133119,1975.0,2.030216769
ENSG00000133302,1275.0,0.571824369
ENSG00000133318,1475.0,3.090458472
ENSG00000133454,1000.0,1.173038176
ENSG00000133612,1925.0,0.891184179
ENSG00000133624,625.0,1.7101564280000001
ENSG00000133703,1275.0,0.940725295
ENSG00000133704,50.0,0.676784726
ENSG00000133816,1100.0,0.7175093029999999
ENSG00000133835,1100.0,0.954440513
ENSG00000133858,1325.0,3.265111397
ENSG00000134046,1375.0,0.804276872
ENSG00000134058,1375.0,0.873970867
ENSG00000134108,1775.0,2.905306567
ENSG00000134138,1550.0,1.738845154
ENSG00000134146,1450.0,0.6973569359999999
ENSG00000134152,1350.0,0.656632487
ENSG00000134247,1375.0,0.64235779
ENSG00000134255,1200.0,1.507093033
ENSG00000134283,1375.0,1.20900509
ENSG00000134287,550.0,1.6548773540000001
ENSG00000134308,1275.0,2.038752636
ENSG00000134352,1400.0,0.983409538
ENSG00000134452,850.0,2.152110056
ENSG00000134533,200.0,0.563847226
ENSG00000134602,1825.0,1.990051005
ENSG00000134644,1175.0,2.120483033
ENSG00000134684,1225.0,5.6583540260000005
ENSG00000134744,925.0,1.0295921909999999
ENSG00000134759,1175.0,2.155049506
ENSG00000134824,1050.0,1.2633045729999999
ENSG00000134852,1325.0,1.149106731
ENSG00000134882,1275.0,0.79923894
ENSG00000134897,950.0,1.209004782
ENSG00000134900,1550.0,1.803221385
ENSG00000135018,2225.0,1.295772236
ENSG00000135040,1325.0,0.7743285129999999
ENSG00000135048,1475.0,0.6783242359999999
ENSG00000135090,1925.0,1.122657454
ENSG00000135164,1250.0,5.2245148210000005
ENSG00000135241,950.0,2.587766979
ENSG00000135269,1650.0,5.2737782310000005
ENSG00000135297,1175.0,1.799722
ENSG00000135298,2725.0,2.9863373510000004
ENSG00000135314,975.0,0.5105276
ENSG00000135315,975.0,0.534318438
ENSG00000135336,1125.0,1.1219576279999999
ENSG00000135341,1550.0,1.7732729230000002
ENSG00000135387,1450.0,3.3700738130000003
ENSG00000135457,700.0,1.0976066009999998
ENSG00000135537,925.0,0.628083305
ENSG00000135541,1025.0,1.1043239870000001
ENSG00000135549,100.0,0.563847245
ENSG00000135597,1325.0,1.156244762
ENSG00000135605,1750.0,1.163382218
ENSG00000135655,1775.0,4.609587628
ENSG00000135747,1500.0,1.091868723
ENSG00000135750,1325.0,1.020635603
ENSG00000135775,875.0,0.7351431509999999
ENSG00000135776,1250.0,1.6678924869999998
ENSG00000135823,950.0,0.5953357189999999
ENSG00000135829,1750.0,7.395382949
ENSG00000135837,1275.0,1.363226344
ENSG00000135838,1100.0,1.2067655959999999
ENSG00000135842,925.0,4.996402859
ENSG00000135847,975.0,2.003486787
ENSG00000135870,1475.0,1.8310706280000002
ENSG00000135913,1100.0,1.063879376
ENSG00000135932,1150.0,2.220824154
ENSG00000135945,1750.0,1.427462679
ENSG00000135968,950.0,1.1498073359999998
ENSG00000135972,925.0,0.593236577
ENSG00000135999,1725.0,1.498835491
ENSG00000136010,675.0,0.9498220820000001
ENSG00000136021,975.0,1.539560195
ENSG00000136051,1525.0,1.707777181
ENSG00000136104,1025.0,0.8655738829999999
ENSG00000136141,1575.0,0.7481579740000001
ENSG00000136152,625.0,0.640958512
ENSG00000136167,1375.0,1.9882315640000001
ENSG00000136169,475.0,0.6352204229999999
ENSG00000136231,950.0,2.0814365
ENSG00000136261,1900.0,1.457691513
ENSG00000136273,1850.0,0.742280477
ENSG00000136280,850.0,1.3776413969999999
ENSG00000136381,1250.0,2.018040449
ENSG00000136448,1050.0,1.251968741
ENSG00000136485,1375.0,1.276879267
ENSG00000136504,1300.0,1.450833091
ENSG00000136536,1675.0,4.193804256
ENSG00000136542,1550.0,7.146277372
ENSG00000136560,1775.0,3.638351436
ENSG00000136628,1600.0,3.9518328080000003
ENSG00000136631,325.0,1.296192354
ENSG00000136636,1450.0,1.675869914
ENSG00000136643,1700.0,2.4833659359999998
ENSG00000136709,1500.0,1.48512095
ENSG00000136715,1350.0,0.735142882
ENSG00000136731,1450.0,1.050164594
ENSG00000136732,1400.0,1.491698512
ENSG00000136738,1850.0,1.527244614
ENSG00000136754,1225.0,1.028192603
ENSG00000136758,1075.0,2.9640871810000005
ENSG00000136770,1775.0,2.098369436
ENSG00000136811,775.0,0.867673547
ENSG00000136813,1375.0,1.071716154
ENSG00000136824,975.0,1.556494574
ENSG00000136842,1175.0,0.8980414870000001
ENSG00000136861,1200.0,1.213762715
ENSG00000136868,1425.0,1.8081191730000001
ENSG00000136874,1225.0,0.7369624229999999
ENSG00000136878,725.0,1.020915449
ENSG00000136891,1350.0,2.069821136
ENSG00000136930,900.0,2.404155017
ENSG00000136937,1475.0,2.127478667
ENSG00000137055,1200.0,0.585119623
ENSG00000137073,675.0,0.639278971
ENSG00000137074,500.0,1.9087415
ENSG00000137177,1050.0,1.600437471
ENSG00000137198,525.0,1.342094779
ENSG00000137275,1775.0,1.269462037
ENSG00000137513,750.0,0.596315215
ENSG00000137522,1300.0,0.7422800959999999
ENSG00000137574,1525.0,2.497219474
ENSG00000137601,1175.0,1.4736455130000001
ENSG00000137710,1525.0,0.955279923
ENSG00000137760,950.0,0.579941594
ENSG00000137770,1700.0,1.7837685559999998
ENSG00000137776,1050.0,2.651162462
ENSG00000137804,1000.0,2.408494185
ENSG00000137812,1450.0,0.904619608
ENSG00000137815,1275.0,0.5995338370000001
ENSG00000137842,425.0,0.7635522640000001
ENSG00000137845,1300.0,1.291853282
ENSG00000137944,1450.0,1.4182258209999998
ENSG00000137992,775.0,0.588338308
ENSG00000138018,1125.0,1.242312038
ENSG00000138029,1525.0,1.234475501
ENSG00000138032,1975.0,1.450413792
ENSG00000138035,1025.0,0.736962358
ENSG00000138041,800.0,2.441241556
ENSG00000138050,1400.0,2.476647538
ENSG00000138069,1675.0,1.398913387
ENSG00000138071,1700.0,3.718822051
ENSG00000138078,1125.0,2.19381425
ENSG00000138081,1475.0,2.833514
ENSG00000138095,1200.0,2.816020491
ENSG00000138138,1250.0,1.128114909
ENSG00000138160,1650.0,2.165266569
ENSG00000138161,625.0,0.513886154
ENSG00000138182,1825.0,1.5538351380000002
ENSG00000138190,1625.0,1.911540513
ENSG00000138246,950.0,0.5008711770000001
ENSG00000138336,1400.0,1.5006552309999999
ENSG00000138376,1675.0,1.2516888720000001
ENSG00000138386,1200.0,1.4123482440000001
ENSG00000138398,1875.0,2.1563089680000003
ENSG00000138399,825.0,2.289260115
ENSG00000138430,1350.0,1.329639628
ENSG00000138433,1200.0,1.281218079
ENSG00000138448,1250.0,0.9506613079999999
ENSG00000138468,850.0,1.5247259309999999
ENSG00000138592,1650.0,1.7900667940000001
ENSG00000138593,1825.0,0.764951901
ENSG00000138594,1850.0,1.270441436
ENSG00000138600,1850.0,1.204246731
ENSG00000138604,1650.0,0.7137308720000001
ENSG00000138658,1975.0,1.620870574
ENSG00000138663,1825.0,0.8644542940000001
ENSG00000138674,750.0,3.49084991
ENSG00000138685,1450.0,1.555934154
ENSG00000138686,1750.0,0.742280664
ENSG00000138688,1225.0,0.699456128
ENSG00000138698,1250.0,0.542435442
ENSG00000138709,975.0,0.8697721409999999
ENSG00000138756,1650.0,10.67896681
ENSG00000138758,1525.0,1.234754795
ENSG00000138764,1300.0,0.8136539190000001
ENSG00000138767,1775.0,1.13497259
ENSG00000138768,375.0,0.767190588
ENSG00000138772,1100.0,0.557969696
ENSG00000138777,900.0,1.9309933209999999
ENSG00000138778,650.0,2.446280147
ENSG00000138780,1525.0,1.08934976
ENSG00000138795,1475.0,0.810014564
ENSG00000138796,1000.0,0.700156213
ENSG00000138798,1075.0,0.660831087
ENSG00000138802,1575.0,0.856477367
ENSG00000138821,1250.0,0.640678396
ENSG00000139083,1025.0,0.892163609
ENSG00000139116,1650.0,0.842202404
ENSG00000139154,1550.0,0.6821027679999999
ENSG00000139163,1325.0,2.086334308
ENSG00000139180,1250.0,0.9874685459999999
ENSG00000139323,1000.0,0.735143045
ENSG00000139324,1000.0,0.724087192
ENSG00000139343,1375.0,2.048410585
ENSG00000139350,1300.0,1.033370517
ENSG00000139354,1100.0,0.599534363
ENSG00000139436,750.0,0.723387474
ENSG00000139496,875.0,2.6455654490000002
ENSG00000139514,1550.0,0.934567653
ENSG00000139618,975.0,1.149107473
ENSG00000139668,1825.0,0.899300882
ENSG00000139687,1300.0,0.501990786
ENSG00000139734,1775.0,1.7343673030000002
ENSG00000139746,1375.0,1.9626214359999998
ENSG00000139793,1700.0,3.445224385
ENSG00000139842,1325.0,0.648515518
ENSG00000139971,1075.0,2.091093247
ENSG00000139974,1325.0,1.840587212
ENSG00000139990,1200.0,0.7208681509999999
ENSG00000140022,1925.0,1.481482021
ENSG00000140105,1675.0,7.829220705
ENSG00000140153,1300.0,0.942125
ENSG00000140262,1650.0,2.947571449
ENSG00000140332,1250.0,0.8466811670000001
ENSG00000140350,1300.0,1.705818179
ENSG00000140367,1250.0,1.2753395140000001
ENSG00000140374,1525.0,1.60589591
ENSG00000140382,1450.0,0.9097970470000001
ENSG00000140455,1950.0,2.6979053210000004
ENSG00000140463,1075.0,0.600093787
ENSG00000140525,1225.0,2.692587449
ENSG00000140526,1775.0,2.201931641
ENSG00000140534,1300.0,1.6662134830000002
ENSG00000140575,1650.0,0.977251882
ENSG00000140577,1175.0,0.923651853
ENSG00000140612,1050.0,1.25420809
ENSG00000140632,725.0,1.0862716140000002
ENSG00000140750,1175.0,0.613808673
ENSG00000140830,900.0,0.5567102279999999
ENSG00000140859,75.0,0.535298156
ENSG00000141068,800.0,1.163381738
ENSG00000141179,600.0,0.516685246
ENSG00000141198,1075.0,1.0258135259999999
ENSG00000141298,925.0,0.670906885
ENSG00000141367,1600.0,2.690767474
ENSG00000141380,1400.0,2.589446564
ENSG00000141385,725.0,1.980115564
ENSG00000141425,1450.0,1.4291419619999999
ENSG00000141429,1575.0,0.827927747
ENSG00000141446,725.0,1.4457957819999998
ENSG00000141458,825.0,0.6735662040000001
ENSG00000141503,1225.0,0.578121951
ENSG00000141564,1150.0,0.919033677
ENSG00000141568,1775.0,1.129933885
ENSG00000141576,900.0,0.620946074
ENSG00000141646,1200.0,1.338595587
ENSG00000141867,1575.0,2.862063397
ENSG00000141985,1000.0,0.756555167
ENSG00000142188,500.0,0.793920982
ENSG00000142230,1225.0,2.076538573
ENSG00000142599,1125.0,2.084096133
ENSG00000142687,1000.0,1.3346772279999999
ENSG00000142798,825.0,0.514726029
ENSG00000142856,1100.0,0.8247093259999999
ENSG00000142875,1525.0,1.0777337679999999
ENSG00000143033,1625.0,1.680767581
ENSG00000143179,1625.0,1.184793626
ENSG00000143183,1400.0,1.517168962
ENSG00000143190,1525.0,2.032315103
ENSG00000143207,1725.0,1.5073720769999999
ENSG00000143252,425.0,1.107682792
ENSG00000143322,1000.0,0.872711551
ENSG00000143324,1550.0,2.4914825130000002
ENSG00000143376,825.0,0.5995338410000001
ENSG00000143398,925.0,0.820650928
ENSG00000143437,1175.0,0.73248405
ENSG00000143442,625.0,1.9135008080000002
ENSG00000143457,1200.0,1.62814675
ENSG00000143476,1575.0,3.9589722000000003
ENSG00000143479,1950.0,1.541659787
ENSG00000143493,1250.0,1.309626696
ENSG00000143507,1450.0,2.472589601
ENSG00000143514,1750.0,2.2268421590000003
ENSG00000143569,1125.0,2.9037677189999997
ENSG00000143653,525.0,0.9054592309999999
ENSG00000143702,1775.0,2.946451695
ENSG00000143748,1300.0,1.624649042
ENSG00000143756,1250.0,1.440057654
ENSG00000143776,1675.0,5.783327012999999
ENSG00000143786,975.0,0.758513949
ENSG00000143797,1900.0,0.9104968590000001
ENSG00000143799,1175.0,1.7651573619999998
ENSG00000143889,1775.0,13.79504368
ENSG00000143891,975.0,2.136856008
ENSG00000143924,1275.0,0.613808885
ENSG00000143933,1700.0,8.905134679
ENSG00000143952,1725.0,1.2704415740000001
ENSG00000143970,575.0,0.904619128
ENSG00000144224,825.0,2.47370946
ENSG00000144228,2075.0,0.8377243209999999
ENSG00000144283,1050.0,2.476647821
ENSG00000144320,1525.0,1.0984460740000002
ENSG00000144357,1275.0,1.284716205
ENSG00000144366,1525.0,0.877889479
ENSG00000144401,1650.0,3.668586051
ENSG00000144426,950.0,0.5331991739999999
ENSG00000144468,525.0,1.426902533
ENSG00000144554,1125.0,2.223622962
ENSG00000144635,1050.0,1.1219569329999999
ENSG00000144674,1475.0,4.316816968
ENSG00000144791,525.0,0.613808654
ENSG00000144935,1775.0,1.4982760259999999
ENSG00000145191,300.0,1.125176577
ENSG00000145216,1625.0,2.349715208
ENSG00000145241,1275.0,2.918882744
ENSG00000145332,1000.0,1.149106994
ENSG00000145375,1200.0,1.8892902180000002
ENSG00000145390,1300.0,0.628083254
ENSG00000145414,1025.0,0.826528563
ENSG00000145439,2275.0,2.078637988
ENSG00000145495,1450.0,4.330952019
ENSG00000145687,1650.0,1.655856362
ENSG00000145725,1300.0,1.639482933
ENSG00000145734,575.0,1.3020697559999999
ENSG00000145779,1350.0,2.538924929
ENSG00000145781,1475.0,0.7408811009999999
ENSG00000145833,750.0,2.131818188
ENSG00000145868,800.0,1.264843842
ENSG00000145907,1425.0,1.9788560240000002
ENSG00000145979,850.0,1.374002512
ENSG00000145982,575.0,0.568045723
ENSG00000145990,900.0,0.628083394
ENSG00000145996,875.0,1.219780714
ENSG00000146143,850.0,0.954860255
ENSG00000146247,1450.0,2.234818435
ENSG00000146263,1125.0,1.999987473
ENSG00000146282,1075.0,0.7627124359999999
ENSG00000146373,1125.0,3.0134853539999997
ENSG00000146376,1100.0,1.146588088
ENSG00000146414,1425.0,1.471825863
ENSG00000146416,1150.0,0.942125036
ENSG00000146463,1225.0,2.1164238969999998
ENSG00000146530,1100.0,6.153628949
ENSG00000146535,1125.0,0.556710154
ENSG00000146776,1075.0,0.6735662309999999
ENSG00000146833,1900.0,1.867597205
ENSG00000146842,1075.0,3.3408249210000003
ENSG00000146963,1600.0,10.59234001
ENSG00000147050,1700.0,1.94526806
ENSG00000147065,1625.0,1.9707383459999999
ENSG00000147133,1450.0,1.91923856
ENSG00000147162,1725.0,7.703826667
ENSG00000147251,800.0,1.20620529
ENSG00000147421,1600.0,2.447959295
ENSG00000147439,925.0,0.835065501
ENSG00000147454,750.0,0.849339829
ENSG00000147548,1400.0,0.9268705079999999
ENSG00000147586,425.0,0.871731322
ENSG00000147649,1750.0,1.5272450640000002
ENSG00000147650,1725.0,5.231656501000001
ENSG00000147687,850.0,0.986068444
ENSG00000147854,1375.0,0.7058939870000001
ENSG00000147905,950.0,4.470479538
ENSG00000148019,1800.0,0.614368686
ENSG00000148090,775.0,1.808399574
ENSG00000148187,1000.0,1.641722427
ENSG00000148200,1600.0,1.677268321
ENSG00000148339,1475.0,1.6558566369999999
ENSG00000148358,1175.0,0.6535532629999999
ENSG00000148429,1775.0,3.1516148719999997
ENSG00000148481,950.0,1.9897713080000001
ENSG00000148488,1275.0,2.548021859
ENSG00000148516,1900.0,0.7280055559999999
ENSG00000148634,950.0,1.70931709
ENSG00000148672,1025.0,0.69735731
ENSG00000148842,950.0,0.5352983
ENSG00000148843,1075.0,0.8536785509999999
ENSG00000148908,800.0,0.5368377639999999
ENSG00000148925,1225.0,0.8426224459999999
ENSG00000148950,1275.0,1.8058800380000002
ENSG00000149084,1075.0,0.7922416
ENSG00000149089,1000.0,1.2347544590000001
ENSG00000149177,1525.0,0.556710199
ENSG00000149196,450.0,0.717089977
ENSG00000149262,1175.0,0.8766297559999999
ENSG00000149289,1000.0,1.44887416
ENSG00000149308,1250.0,1.765855156
ENSG00000149548,750.0,0.6138087289999999
ENSG00000149639,800.0,0.885026222
ENSG00000150093,1775.0,3.932660256
ENSG00000150403,625.0,1.4488755169999998
ENSG00000150477,575.0,0.7739085640000001
ENSG00000150712,1400.0,0.613808769
ENSG00000150787,325.0,0.734863231
ENSG00000150867,1775.0,3.31017551
ENSG00000150995,900.0,1.020635564
ENSG00000151012,1350.0,5.613572218
ENSG00000151090,1575.0,1.155124646
ENSG00000151092,1700.0,1.117898744
ENSG00000151148,1050.0,0.767891071
ENSG00000151150,1400.0,0.7506770759999999
ENSG00000151151,1375.0,0.806376
ENSG00000151208,1425.0,0.90643805
ENSG00000151229,1125.0,0.62808294
ENSG00000151292,1750.0,0.6422176789999999
ENSG00000151304,2050.0,0.670907082
ENSG00000151414,1425.0,1.4477543990000001
ENSG00000151458,1375.0,0.801338055
ENSG00000151461,1550.0,1.9575833180000002
ENSG00000151465,1275.0,1.1509267140000001
ENSG00000151466,1500.0,1.049744564
ENSG00000151503,850.0,1.570209577
ENSG00000151575,1300.0,0.535298026
ENSG00000151694,1325.0,2.1217423280000003
ENSG00000151718,1600.0,0.877749204
ENSG00000151726,2475.0,0.843881787
ENSG00000151746,950.0,0.915395155
ENSG00000151779,175.0,3.57691491
ENSG00000151893,1425.0,0.987048013
ENSG00000152061,1600.0,1.49799601
ENSG00000152078,1800.0,1.291853667
ENSG00000152102,1250.0,1.082492382
ENSG00000152127,1375.0,0.813653512
ENSG00000152193,1300.0,0.723387495
ENSG00000152223,1350.0,0.625004385
ENSG00000152242,1225.0,0.500591077
ENSG00000152253,1325.0,4.590834236
ENSG00000152256,1475.0,1.112860918
ENSG00000152270,1450.0,2.219705051
ENSG00000152348,475.0,1.087810256
ENSG00000152359,1500.0,1.287235781
ENSG00000152404,625.0,0.945064247
ENSG00000152409,1700.0,1.020635638
ENSG00000152413,700.0,0.535298256
ENSG00000152422,850.0,0.68518159
ENSG00000152484,1825.0,0.9349873209999999
ENSG00000152492,1775.0,0.8701918590000001
ENSG00000152520,1450.0,0.877889026
ENSG00000152558,800.0,0.606671237
ENSG00000152601,1725.0,8.368014142
ENSG00000152620,2500.0,1.26092464
ENSG00000152683,1050.0,1.6161118490000002
ENSG00000152689,1250.0,0.563847428
ENSG00000152763,1200.0,0.550412653
ENSG00000152942,1050.0,1.11761966
ENSG00000152944,1300.0,1.934213171
ENSG00000153006,1025.0,0.966195933
ENSG00000153015,1050.0,0.871451942
ENSG00000153147,1475.0,2.8274963719999997
ENSG00000153157,1350.0,1.777751101
ENSG00000153179,1550.0,1.575806641
ENSG00000153207,1550.0,2.346077719
ENSG00000153214,500.0,0.60499205
ENSG00000153310,900.0,0.780625962
ENSG00000153339,700.0,1.223698954
ENSG00000153363,1025.0,1.27548019
ENSG00000153560,1700.0,1.511151394
ENSG00000153575,800.0,0.72086875
ENSG00000153721,1575.0,0.900700553
ENSG00000153767,900.0,0.563847615
ENSG00000153815,1150.0,2.276803051
ENSG00000153936,1625.0,1.833030004
ENSG00000153944,1150.0,1.339155673
ENSG00000153976,925.0,0.7456388970000001
ENSG00000154001,775.0,0.924631915
ENSG00000154188,1750.0,3.512958629
ENSG00000154229,1150.0,1.5742665269999998
ENSG00000154305,625.0,1.7097369230000001
ENSG00000154310,1000.0,1.30556841
ENSG00000154654,2250.0,2.760462
ENSG00000154743,425.0,0.827927968
ENSG00000154814,1300.0,1.5133898330000002
ENSG00000154845,1100.0,2.299474533
ENSG00000154978,1400.0,0.64641616
ENSG00000155008,1150.0,0.611429563
ENSG00000155097,1100.0,0.515145949
ENSG00000155099,1725.0,1.814976871
ENSG00000155111,950.0,0.6767849090000001
ENSG00000155189,1475.0,1.487499396
ENSG00000155229,475.0,0.513746308
ENSG00000155307,1500.0,7.318271628
ENSG00000155313,1425.0,1.384638749
ENSG00000155380,1050.0,3.1267037230000003
ENSG00000155561,900.0,2.456775803
ENSG00000155621,1625.0,0.506748988
ENSG00000155744,1500.0,1.027772655
ENSG00000155846,1075.0,0.713730773
ENSG00000155903,1650.0,1.1058630170000001
ENSG00000155906,975.0,0.759494488
ENSG00000155962,900.0,0.737661879
ENSG00000155975,1625.0,1.819454872
ENSG00000156017,525.0,0.616048074
ENSG00000156026,1250.0,0.670347536
ENSG00000156052,1475.0,1.598757809
ENSG00000156140,975.0,0.964517205
ENSG00000156162,925.0,1.017976205
ENSG00000156170,1250.0,1.448734051
ENSG00000156269,1250.0,1.051424247
ENSG00000156273,1800.0,2.260289244
ENSG00000156304,1925.0,2.843310885
ENSG00000156515,700.0,1.292553228
ENSG00000156531,1150.0,0.9621371790000001
ENSG00000156639,1800.0,5.186451645
ENSG00000156642,1900.0,1.049184713
ENSG00000156671,1525.0,0.8065158590000001
ENSG00000156675,1375.0,2.862063436
ENSG00000156787,1175.0,1.5212271640000001
ENSG00000156802,1250.0,2.7030828710000003
ENSG00000156831,875.0,1.0351901940000001
ENSG00000156869,1000.0,2.85338659
ENSG00000156876,1400.0,1.4830216280000001
ENSG00000156958,2225.0,0.7280055529999999
ENSG00000156970,1500.0,2.043232085
ENSG00000157077,1750.0,0.8238695140000001
ENSG00000157107,1450.0,0.6809834359999999
ENSG00000157181,1400.0,1.683006444
ENSG00000157212,1575.0,1.434319651
ENSG00000157350,725.0,2.169743846
ENSG00000157450,925.0,1.5273851530000002
ENSG00000157538,1175.0,1.301929846
ENSG00000157540,2175.0,4.954698603
ENSG00000157600,1400.0,1.3566487180000002
ENSG00000157657,1200.0,0.606671238
ENSG00000157741,1350.0,1.338316615
ENSG00000157764,1525.0,1.9626213209999999
ENSG00000157800,900.0,0.729684936
ENSG00000157837,1375.0,1.363366679
ENSG00000157869,1125.0,1.115100013
ENSG00000157954,1025.0,0.8443014870000001
ENSG00000157985,1175.0,1.535081779
ENSG00000158019,1475.0,0.587638442
ENSG00000158161,1425.0,0.9088173079999999
ENSG00000158169,1175.0,0.606671314
ENSG00000158195,1200.0,2.262109282
ENSG00000158201,425.0,1.1584833540000001
ENSG00000158417,1425.0,0.984948953
ENSG00000158467,825.0,0.8636144729999999
ENSG00000158470,1750.0,1.584343523
ENSG00000158545,900.0,0.717789467
ENSG00000158623,800.0,0.8820875140000001
ENSG00000158669,1025.0,0.506748968
ENSG00000159023,775.0,2.448099697
ENSG00000159200,900.0,0.5567101870000001
ENSG00000159216,1087.5,2.3254353795
ENSG00000159217,1050.0,2.099349615
ENSG00000159256,1125.0,1.7745323
ENSG00000159267,450.0,1.170099641
ENSG00000159459,1175.0,0.787483423
ENSG00000159579,875.0,0.7893025140000001
ENSG00000159592,1425.0,2.708821013
ENSG00000159658,875.0,0.973752927
ENSG00000160199,725.0,0.870751962
ENSG00000160218,1600.0,1.199068367
ENSG00000160219,1650.0,0.927850115
ENSG00000160294,275.0,2.78901251
ENSG00000160299,775.0,0.666429276
ENSG00000160551,625.0,1.170519026
ENSG00000160584,1550.0,0.849340203
ENSG00000160633,1275.0,1.970878449
ENSG00000160710,650.0,0.5357176539999999
ENSG00000160746,1050.0,1.038128905
ENSG00000161048,1025.0,0.735143377
ENSG00000161526,1125.0,0.843182303
ENSG00000161692,875.0,0.6580322239999999
ENSG00000161791,1225.0,0.699456401
ENSG00000161813,1575.0,1.320402742
ENSG00000162290,1400.0,0.797979465
ENSG00000162368,1175.0,1.406050315
ENSG00000162378,800.0,0.599533965
ENSG00000162402,1375.0,1.450133891
ENSG00000162419,1300.0,0.6222055639999999
ENSG00000162434,2025.0,1.8628389630000002
ENSG00000162594,1425.0,1.022315071
ENSG00000162601,1150.0,2.216066718
ENSG00000162604,1100.0,0.904199255
ENSG00000162636,1550.0,0.970673885
ENSG00000162641,775.0,2.8845955639999996
ENSG00000162688,525.0,0.718769423
ENSG00000162695,900.0,1.3728829630000001
ENSG00000162769,1125.0,1.135952112
ENSG00000162852,1825.0,2.247274904
ENSG00000162869,950.0,0.896362167
ENSG00000162885,2025.0,1.35608911
ENSG00000162889,1300.0,1.250148679
ENSG00000162909,1025.0,0.667548241
ENSG00000162923,1275.0,4.588316722
ENSG00000162924,1575.0,0.948423235
ENSG00000162959,1350.0,1.105443659
ENSG00000162972,1200.0,0.6352208189999999
ENSG00000163029,975.0,2.346776551
ENSG00000163104,675.0,1.230696645
ENSG00000163110,1800.0,1.84380564
ENSG00000163113,1100.0,1.213202649
ENSG00000163166,500.0,0.755715026
ENSG00000163214,250.0,0.5501327420000001
ENSG00000163291,2125.0,1.703858899
ENSG00000163297,1125.0,5.469005705
ENSG00000163320,1050.0,0.656912103
ENSG00000163349,1475.0,2.187657512
ENSG00000163393,1500.0,1.3846385769999998
ENSG00000163510,925.0,0.870611653
ENSG00000163527,1850.0,2.13545659
ENSG00000163535,1600.0,0.816592256
ENSG00000163539,1550.0,2.142872987
ENSG00000163554,650.0,2.049108628
ENSG00000163558,1525.0,0.611429449
ENSG00000163602,1525.0,3.742753
ENSG00000163605,1275.0,1.980114977
ENSG00000163625,1550.0,0.570984809
ENSG00000163635,1375.0,0.8065159000000001
ENSG00000163655,1800.0,2.705042215
ENSG00000163683,600.0,0.6066712360000001
ENSG00000163714,2400.0,4.870029076000001
ENSG00000163738,1100.0,1.619190596
ENSG00000163755,725.0,0.529560649
ENSG00000163781,1050.0,2.5116357469999997
ENSG00000163785,1800.0,0.7351427770000001
ENSG00000163788,1075.0,0.920712808
ENSG00000163808,1300.0,1.004541346
ENSG00000163811,1100.0,2.0467300219999998
ENSG00000163812,1075.0,0.690919473
ENSG00000163820,925.0,0.506749242
ENSG00000163848,750.0,1.078503747
ENSG00000163867,275.0,1.2210404129999999
ENSG00000163872,950.0,0.517245004
ENSG00000163904,1375.0,0.662650538
ENSG00000163913,275.0,0.66376965
ENSG00000163945,825.0,0.522143217
ENSG00000163946,700.0,1.4844210759999998
ENSG00000163960,1600.0,0.984948631
ENSG00000164024,1575.0,1.006360491
ENSG00000164073,925.0,0.594076222
ENSG00000164074,725.0,0.7233873829999999
ENSG00000164117,1450.0,1.179475901
ENSG00000164118,1025.0,1.911820667
ENSG00000164124,450.0,0.503670231
ENSG00000164134,1775.0,1.491698455
ENSG00000164144,1500.0,0.623324962
ENSG00000164151,1625.0,0.656632265
ENSG00000164162,1150.0,1.010979001
ENSG00000164164,1175.0,1.238813768
ENSG00000164168,2025.0,0.870752247
ENSG00000164169,1375.0,0.735142813
ENSG00000164180,1550.0,1.4895988919999998
ENSG00000164181,900.0,1.141969671
ENSG00000164182,1450.0,0.819111351
ENSG00000164187,1150.0,0.584000026
ENSG00000164190,1550.0,4.004034645
ENSG00000164253,1175.0,0.779506356
ENSG00000164258,1450.0,0.8437420040000001
ENSG00000164307,475.0,0.673846405
ENSG00000164323,1400.0,2.112227078
ENSG00000164327,1550.0,3.6971292310000003
ENSG00000164329,1200.0,4.35348409
ENSG00000164463,1150.0,1.092008782
ENSG00000164466,1375.0,0.717509537
ENSG00000164494,1150.0,0.846820509
ENSG00000164506,1100.0,20.96804546
ENSG00000164535,2325.0,1.525986256
ENSG00000164597,1775.0,1.9666801219999999
ENSG00000164603,1375.0,0.693018823
ENSG00000164626,1075.0,0.849339642
ENSG00000164654,1175.0,1.4763035869999999
ENSG00000164715,1350.0,0.877889232
ENSG00000164741,1600.0,0.517804803
ENSG00000164815,1300.0,1.494637473
ENSG00000164830,1375.0,0.7068734870000001
ENSG00000164916,1450.0,0.969554872
ENSG00000164941,750.0,1.677269085
ENSG00000164944,1000.0,1.108942722
ENSG00000164961,1025.0,1.114680132
ENSG00000164983,1025.0,0.763692244
ENSG00000164985,1550.0,1.3588881000000002
ENSG00000165006,1325.0,0.78510405
ENSG00000165025,1150.0,0.642357779
ENSG00000165092,1300.0,0.6590119489999999
ENSG00000165097,325.0,0.50353014
ENSG00000165138,950.0,1.0277731540000001
ENSG00000165185,1250.0,1.083191776
ENSG00000165209,1825.0,4.139643949
ENSG00000165219,1650.0,1.4702863830000001
ENSG00000165304,1125.0,1.150506871
ENSG00000165322,1700.0,0.826668755
ENSG00000165325,1425.0,0.687561017
ENSG00000165359,1700.0,1.7820890180000002
ENSG00000165392,1525.0,2.325504538
ENSG00000165406,1450.0,1.156244724
ENSG00000165417,950.0,1.59875791
ENSG00000165476,825.0,0.6777642559999999
ENSG00000165490,1350.0,0.5095479039999999
ENSG00000165533,1800.0,0.556710146
ENSG00000165632,875.0,0.559508935
ENSG00000165650,1775.0,2.163585385
ENSG00000165671,1250.0,1.363226588
ENSG00000165675,775.0,0.917354155
ENSG00000165699,1000.0,0.580501191
ENSG00000165733,1500.0,2.5992434909999997
ENSG00000165891,1000.0,0.9848093170000001
ENSG00000165914,1575.0,1.652777423
ENSG00000165983,1000.0,0.865853795
ENSG00000166004,1650.0,2.317388154
ENSG00000166024,1725.0,1.3132655770000001
ENSG00000166025,1575.0,0.8279280590000001
ENSG00000166037,1000.0,2.1414749619999998
ENSG00000166068,1675.0,2.162606077
ENSG00000166128,1700.0,1.4593706030000002
ENSG00000166153,550.0,0.538097088
ENSG00000166164,1475.0,1.9480673830000002
ENSG00000166224,1325.0,0.563847526
ENSG00000166225,1250.0,1.092008186
ENSG00000166233,1600.0,1.526964908
ENSG00000166262,650.0,0.596035412
ENSG00000166266,1775.0,1.932252782
ENSG00000166326,1275.0,1.367424538
ENSG00000166348,425.0,0.649495119
ENSG00000166398,1500.0,0.628083241
ENSG00000166435,1075.0,0.6854620709999999
ENSG00000166439,825.0,0.948002903
ENSG00000166479,1275.0,0.845281308
ENSG00000166503,1950.0,1.020635062
ENSG00000166575,950.0,0.7208682790000001
ENSG00000166579,1025.0,1.4234039580000002
ENSG00000166669,1150.0,3.9344817560000003
ENSG00000166716,1500.0,0.721148372
ENSG00000166734,1300.0,0.5597889460000001
ENSG00000166747,1575.0,1.027633147
ENSG00000166783,975.0,1.651378505
ENSG00000166900,1400.0,0.856617167
ENSG00000166912,1175.0,0.61996614
ENSG00000166974,1400.0,0.699456168
ENSG00000167258,1200.0,1.919939372
ENSG00000167264,375.0,0.563847505
ENSG00000167491,650.0,1.1419700640000001
ENSG00000167670,700.0,1.85514285
ENSG00000168137,1800.0,6.102408026
ENSG00000168172,1375.0,1.3530101540000001
ENSG00000168214,1550.0,0.8707516129999999
ENSG00000168216,1325.0,0.8778891409999999
ENSG00000168228,1025.0,0.548733117
ENSG00000168300,1100.0,1.298990723
ENSG00000168386,1100.0,0.692319137
ENSG00000168411,1025.0,2.978219568
ENSG00000168438,1600.0,0.570984646
ENSG00000168461,1500.0,1.013498212
ENSG00000168538,1100.0,1.074515431
ENSG00000168575,1250.0,1.6303858130000002
ENSG00000168610,1375.0,1.123076728
ENSG00000168615,1525.0,1.430961551
ENSG00000168769,1675.0,0.7922415359999999
ENSG00000168813,1000.0,1.947507242
ENSG00000168818,1275.0,0.899721058
ENSG00000168827,1300.0,1.6523584230000001
ENSG00000168944,1250.0,1.081232821
ENSG00000169032,1575.0,0.627803286
ENSG00000169057,1050.0,1.656416799
ENSG00000169139,425.0,0.606671474
ENSG00000169180,975.0,1.0004829370000001
ENSG00000169375,1300.0,0.84024346
ENSG00000169379,1225.0,0.631302379
ENSG00000169398,1800.0,1.263723886
ENSG00000169410,1650.0,0.823589564
ENSG00000169432,1075.0,0.702255321
ENSG00000169504,1775.0,2.373366872
ENSG00000169599,1125.0,0.522982794
ENSG00000169641,1600.0,0.713730805
ENSG00000169679,1200.0,5.096184667
ENSG00000169756,1600.0,1.217681133
ENSG00000169762,1850.0,1.473505395
ENSG00000169764,1350.0,1.225098391
ENSG00000169826,975.0,0.56202835
ENSG00000169895,1400.0,0.897062582
ENSG00000169946,2150.0,4.4557857919999995
ENSG00000169967,1325.0,1.020635382
ENSG00000170035,1500.0,2.740029385
ENSG00000170234,1400.0,1.0385490259999999
ENSG00000170242,1825.0,2.262528385
ENSG00000170248,1225.0,2.208229162
ENSG00000170266,1400.0,1.513109974
ENSG00000170348,1175.0,0.909797347
ENSG00000170421,875.0,0.835065333
ENSG00000170448,1150.0,1.0697571209999999
ENSG00000170456,950.0,0.5067487310000001
ENSG00000170471,1175.0,0.760893404
ENSG00000170522,1625.0,2.522970269
ENSG00000170606,1475.0,1.4502746919999998
ENSG00000170653,1250.0,0.6066714089999999
ENSG00000170734,1225.0,1.866197906
ENSG00000170759,2100.0,3.308214915
ENSG00000170802,1925.0,1.898665218
ENSG00000170832,1000.0,1.09284816
ENSG00000170836,1300.0,0.830587238
ENSG00000170915,1250.0,1.042047035
ENSG00000170919,1950.0,1.291853849
ENSG00000170946,950.0,0.519624154
ENSG00000171055,325.0,0.756134979
ENSG00000171150,1725.0,0.6923189999999999
ENSG00000171208,1875.0,0.8493406090000001
ENSG00000171241,1150.0,1.88005316
ENSG00000171310,1800.0,1.1058630870000001
ENSG00000171316,1825.0,1.120557999
ENSG00000171492,1425.0,4.0857639489999995
ENSG00000171530,950.0,1.5987587369999998
ENSG00000171552,1375.0,4.404283274
ENSG00000171612,1325.0,0.925331474
ENSG00000171634,1200.0,0.7123317229999999
ENSG00000171681,1125.0,0.844162117
ENSG00000171723,1700.0,0.506749023
ENSG00000171735,1175.0,0.742280081
ENSG00000171853,925.0,0.606671295
ENSG00000171862,1350.0,2.391281013
ENSG00000171988,1675.0,5.350188962
ENSG00000172071,1625.0,0.856477385
ENSG00000172167,1225.0,0.99642486
ENSG00000172172,1100.0,1.154424959
ENSG00000172197,1425.0,0.8422024490000001
ENSG00000172262,1900.0,3.1125692039999997
ENSG00000172292,1425.0,0.558809468
ENSG00000172340,950.0,0.670907069
ENSG00000172766,1200.0,0.723807063
ENSG00000172795,1475.0,4.261119346
ENSG00000172869,1800.0,1.313265428
ENSG00000172939,1250.0,0.883066937
ENSG00000172954,1575.0,1.196269327
ENSG00000173041,800.0,1.301789782
ENSG00000173064,1350.0,0.842202777
ENSG00000173065,1600.0,1.605896154
ENSG00000173120,1025.0,1.095227545
ENSG00000173193,850.0,0.786224115
ENSG00000173218,975.0,0.504229803
ENSG00000173226,950.0,1.83512944
ENSG00000173230,1475.0,0.7211484359999999
ENSG00000173273,1350.0,1.276879308
ENSG00000173473,1100.0,1.35301054
ENSG00000173517,1925.0,1.020635705
ENSG00000173542,1600.0,2.238877959
ENSG00000173575,2575.0,10.38969454
ENSG00000173614,750.0,0.749417854
ENSG00000173692,1400.0,1.6133122690000001
ENSG00000173744,1675.0,1.227338036
ENSG00000173889,1300.0,1.995788783
ENSG00000173898,850.0,0.5172450129999999
ENSG00000173905,1525.0,1.884390205
ENSG00000173926,1725.0,2.457335397
ENSG00000174010,1350.0,0.699456077
ENSG00000174106,1025.0,1.581684555
ENSG00000174197,1050.0,1.618071632
ENSG00000174227,700.0,0.792521432
ENSG00000174371,600.0,2.475109256
ENSG00000174437,1200.0,2.891592628
ENSG00000174442,800.0,0.8550781670000001
ENSG00000174485,1250.0,2.241116449
ENSG00000174749,1475.0,1.392475345
ENSG00000174799,1625.0,1.422564718
ENSG00000174839,700.0,0.549572999
ENSG00000174842,1025.0,0.941845668
ENSG00000174915,800.0,0.524662167
ENSG00000174928,975.0,0.7548756670000001
ENSG00000174953,1100.0,2.645565077
ENSG00000175048,875.0,1.162961814
ENSG00000175054,625.0,0.969414617
ENSG00000175175,875.0,1.0661183140000001
ENSG00000175193,775.0,0.920013321
ENSG00000175216,1400.0,1.7832085
ENSG00000175224,975.0,0.9492628670000001
ENSG00000175354,800.0,0.5404760679999999
ENSG00000175387,1600.0,1.220480453
ENSG00000175582,1425.0,1.172898795
ENSG00000176095,1300.0,0.899301173
ENSG00000176102,1075.0,2.7246344989999995
ENSG00000176105,1875.0,6.004443436
ENSG00000176124,1212.5,1.071856336
ENSG00000176208,700.0,2.823439832
ENSG00000176225,850.0,0.728285744
ENSG00000176261,525.0,0.9713734409999999
ENSG00000176390,550.0,0.895942241
ENSG00000176407,2100.0,1.675589465
ENSG00000176597,1300.0,1.555934851
ENSG00000176658,1300.0,1.72583064
ENSG00000176853,1225.0,1.4764442180000001
ENSG00000177030,950.0,0.616467972
ENSG00000177054,1200.0,0.735143076
ENSG00000177084,1200.0,1.5175892180000001
ENSG00000177119,1825.0,1.12937434
ENSG00000177150,1525.0,0.72800555
ENSG00000177189,1800.0,1.477843764
ENSG00000177200,775.0,0.970674423
ENSG00000177463,1550.0,1.6557161669999998
ENSG00000177479,1775.0,1.6383631330000001
ENSG00000177565,1525.0,3.747089462
ENSG00000177738,650.0,0.5347381410000001
ENSG00000177853,1150.0,3.121386551
ENSG00000177879,1725.0,0.587358787
ENSG00000177885,1700.0,1.5895216330000002
ENSG00000178074,1725.0,0.8875453640000001
ENSG00000178234,225.0,0.67090709
ENSG00000178425,800.0,0.593376538
ENSG00000178538,975.0,1.092008354
ENSG00000178607,1275.0,1.420325122
ENSG00000178904,1075.0,0.93764691
ENSG00000178974,1225.0,1.191931117
ENSG00000179134,1025.0,1.4425768330000002
ENSG00000179151,850.0,0.828208012
ENSG00000179152,575.0,0.661950746
ENSG00000179295,1050.0,0.870752018
ENSG00000179361,1100.0,0.556290397
ENSG00000179455,1250.0,1.54151991
ENSG00000179715,950.0,1.184794044
ENSG00000179818,1000.0,1.4631492819999998
ENSG00000179912,1350.0,1.4157069230000001
ENSG00000180116,425.0,0.58609909
ENSG00000180182,1925.0,1.042887353
ENSG00000180233,1400.0,0.506748999
ENSG00000180263,1100.0,1.1825551029999999
ENSG00000180370,1575.0,0.9920863329999999
ENSG00000180376,1175.0,1.527385241
ENSG00000180530,1925.0,1.820014756
ENSG00000180537,1325.0,0.913575708
ENSG00000180776,1725.0,0.542435526
ENSG00000180822,1375.0,0.721008524
ENSG00000180957,1625.0,1.270441114
ENSG00000181061,2075.0,5.543738672999999
ENSG00000181450,1075.0,0.6529938670000001
ENSG00000181555,1600.0,2.3910007280000003
ENSG00000181722,925.0,1.025253954
ENSG00000181744,1250.0,0.77082929
ENSG00000181827,975.0,1.720092179
ENSG00000182095,1075.0,1.2989908209999999
ENSG00000182150,1500.0,0.9284102879999999
ENSG00000182158,1025.0,2.626531672
ENSG00000182446,775.0,0.979911064
ENSG00000182606,1425.0,0.76803061
ENSG00000182628,1100.0,1.370363985
ENSG00000182670,1600.0,1.912800315
ENSG00000182718,2475.0,1.433200865
ENSG00000182827,1050.0,0.9706743590000001
ENSG00000182903,450.0,0.763692
ENSG00000182973,850.0,1.459231531
ENSG00000183032,1475.0,1.042047551
ENSG00000183137,1200.0,1.070176823
ENSG00000183291,1350.0,1.7090373719999998
ENSG00000183337,1025.0,1.8296715769999998
ENSG00000183495,1600.0,1.520527786
ENSG00000183576,1350.0,0.7669111270000001
ENSG00000183597,200.0,0.5385171470000001
ENSG00000183723,1000.0,0.535298158
ENSG00000183742,725.0,2.068841397
ENSG00000183814,1450.0,1.035749836
ENSG00000183856,1000.0,0.69343919
ENSG00000184014,1150.0,0.820790962
ENSG00000184029,1025.0,2.849609231
ENSG00000184220,1025.0,0.892163904
ENSG00000184384,1475.0,3.030979641
ENSG00000184445,825.0,1.722331633
ENSG00000184470,550.0,0.589037988
ENSG00000184500,850.0,0.9053187559999999
ENSG00000184575,600.0,7.107370077000001
ENSG00000184661,1150.0,2.273584731
ENSG00000184743,1475.0,1.009579521
ENSG00000184752,950.0,0.947583872
ENSG00000184863,1650.0,2.622333433
ENSG00000184903,1225.0,1.648159465
ENSG00000184937,375.0,0.655372979
ENSG00000185019,1375.0,0.801618245
ENSG00000185033,575.0,0.528020997
ENSG00000185104,1700.0,2.091232744
ENSG00000185238,775.0,1.625348267
ENSG00000185305,1825.0,3.834839026
ENSG00000185344,1475.0,1.477424595
ENSG00000185437,1125.0,0.855358308
ENSG00000185480,1425.0,1.172198615
ENSG00000185515,1125.0,0.520323833
ENSG00000185658,1825.0,3.8332997439999996
ENSG00000185716,1150.0,0.8707517229999999
ENSG00000185728,1050.0,2.140914167
ENSG00000185760,1025.0,0.913576119
ENSG00000185811,2625.0,1.1633817290000001
ENSG00000185838,925.0,1.341815805
ENSG00000185842,1100.0,2.376728192
ENSG00000185947,1350.0,1.701060447
ENSG00000185973,1175.0,0.7280055240000001
ENSG00000186063,1200.0,1.019376654
ENSG00000186184,1375.0,0.9120367559999999
ENSG00000186187,1075.0,1.5271048669999998
ENSG00000186314,900.0,0.8892248640000001
ENSG00000186432,1500.0,1.6537567869999998
ENSG00000186716,1375.0,2.621774205
ENSG00000186908,875.0,0.911616667
ENSG00000187079,975.0,0.685181629
ENSG00000187098,1675.0,0.861935415
ENSG00000187118,1250.0,1.8128773059999999
ENSG00000187164,1350.0,0.71750959
ENSG00000187172,1725.0,1.756339385
ENSG00000187600,1525.0,3.092836423
ENSG00000187735,1325.0,6.212965487000001
ENSG00000187741,850.0,1.17051909
ENSG00000187772,1400.0,1.57006845
ENSG00000188026,500.0,0.6780445970000001
ENSG00000188177,325.0,0.562028205
ENSG00000188511,800.0,0.642357513
ENSG00000188554,950.0,1.246511159
ENSG00000188629,1975.0,0.563847319
ENSG00000188647,1000.0,1.133293026
ENSG00000188917,500.0,0.513886551
ENSG00000188994,1800.0,1.372603047
ENSG00000189056,1525.0,0.608210762
ENSG00000189079,1700.0,1.6527776580000002
ENSG00000189091,1225.0,3.309897385
ENSG00000189180,850.0,0.795040414
ENSG00000189308,1675.0,0.7940607829999999
ENSG00000196151,1150.0,0.8564773379999999
ENSG00000196233,850.0,1.336496765
ENSG00000196236,750.0,0.535298299
ENSG00000196247,2400.0,1.8338693959999999
ENSG00000196284,225.0,0.790422283
ENSG00000196295,375.0,1.106283203
ENSG00000196305,750.0,8.530636821
ENSG00000196323,1575.0,1.0206352440000002
ENSG00000196396,1425.0,2.048408808
ENSG00000196405,1950.0,0.506749121
ENSG00000196419,225.0,3.2012973010000003
ENSG00000196455,1350.0,0.88180755
ENSG00000196504,1525.0,2.449078758
ENSG00000196505,1400.0,0.7993790540000001
ENSG00000196511,1250.0,0.820790494
ENSG00000196535,1450.0,0.530680151
ENSG00000196588,1525.0,0.513886321
ENSG00000196693,925.0,0.761313295
ENSG00000196705,1100.0,2.0894139640000002
ENSG00000196712,1050.0,1.734087195
ENSG00000196715,100.0,0.53529841
ENSG00000196730,1075.0,1.000343081
ENSG00000196776,1125.0,1.2088654559999998
ENSG00000196792,825.0,2.640806858
ENSG00000196821,1375.0,1.363226564
ENSG00000196826,775.0,0.958918635
ENSG00000196850,1775.0,0.878029155
ENSG00000196865,1500.0,1.301929423
ENSG00000196911,925.0,0.706593832
ENSG00000196914,1325.0,2.580629465
ENSG00000196937,1250.0,1.9461073309999999
ENSG00000196950,1525.0,1.827151795
ENSG00000197020,1050.0,2.0715000580000003
ENSG00000197054,950.0,1.72722979
ENSG00000197081,1675.0,1.966679895
ENSG00000197102,1650.0,1.917698844
ENSG00000197147,1275.0,3.798312321
ENSG00000197157,1650.0,3.541788141
ENSG00000197217,2950.0,0.998943933
ENSG00000197265,1625.0,1.1833945240000001
ENSG00000197299,400.0,0.9706744209999999
ENSG00000197312,1225.0,1.106283205
ENSG00000197323,1425.0,2.372388036
ENSG00000197329,1725.0,0.9492621920000001
ENSG00000197332,1700.0,0.81365341
ENSG00000197343,1750.0,5.5189653970000006
ENSG00000197386,1300.0,0.7208683379999999
ENSG00000197442,1300.0,1.166880447
ENSG00000197498,1125.0,1.9808141280000002
ENSG00000197548,1125.0,0.849339932
ENSG00000197555,575.0,0.906438218
ENSG00000197563,1000.0,0.6486553270000001
ENSG00000197601,1400.0,1.627307321
ENSG00000197721,1400.0,1.00636076
ENSG00000197756,975.0,8.413088269
ENSG00000197818,1250.0,0.803996838
ENSG00000197857,2475.0,1.088790151
ENSG00000197860,1175.0,0.6307420029999999
ENSG00000197892,1550.0,1.5397000630000002
ENSG00000197912,625.0,0.578542235
ENSG00000197965,1525.0,1.120557683
ENSG00000198060,1400.0,0.677204692
ENSG00000198087,1900.0,2.2789024380000003
ENSG00000198088,1650.0,1.298990696
ENSG00000198105,1200.0,0.932048847
ENSG00000198160,1950.0,3.060229758
ENSG00000198162,1375.0,1.299130678
ENSG00000198189,1050.0,1.8968464180000002
ENSG00000198198,725.0,0.6138086420000001
ENSG00000198231,1300.0,1.7802705
ENSG00000198265,1350.0,1.089349519
ENSG00000198301,1000.0,1.029592279
ENSG00000198363,1425.0,2.369587756
ENSG00000198369,1475.0,2.371547564
ENSG00000198380,1475.0,6.199250462
ENSG00000198382,1475.0,0.5634275639999999
ENSG00000198399,1225.0,0.506748847
ENSG00000198420,1600.0,1.271001642
ENSG00000198431,1025.0,2.299056254
ENSG00000198554,800.0,0.983269645
ENSG00000198561,1925.0,2.8620634739999997
ENSG00000198586,1950.0,2.722395703
ENSG00000198589,1750.0,1.5987582180000002
ENSG00000198604,1475.0,0.9744535959999999
ENSG00000198625,575.0,2.256931209
ENSG00000198646,1025.0,0.9492624829999999
ENSG00000198673,1025.0,1.216561346
ENSG00000198677,825.0,1.783908526
ENSG00000198689,1450.0,0.563847594
ENSG00000198700,675.0,1.4743449080000002
ENSG00000198707,800.0,1.0466657259999999
ENSG00000198729,1425.0,0.5781221879999999
ENSG00000198740,1400.0,0.806515628
ENSG00000198742,1675.0,1.6816064880000001
ENSG00000198756,1900.0,5.860017678999999
ENSG00000198771,1300.0,2.77711544
ENSG00000198793,675.0,0.916095051
ENSG00000198799,450.0,1.5528556740000001
ENSG00000198815,1675.0,1.113420756
ENSG00000198836,1325.0,0.83268595
ENSG00000198839,1275.0,0.563847396
ENSG00000198853,1850.0,0.968435149
ENSG00000198876,575.0,0.870752031
ENSG00000198887,1400.0,1.029172204
ENSG00000198898,1650.0,1.777191395
ENSG00000198900,975.0,2.376165622
ENSG00000198961,2100.0,1.5559345130000002
ENSG00000203546,1125.0,0.663769859
ENSG00000203666,525.0,0.521023718
ENSG00000203709,1150.0,0.949262687
ENSG00000203867,1150.0,1.327539981
ENSG00000203995,375.0,0.9705341540000001
ENSG00000204120,1225.0,1.033090949
ENSG00000204138,525.0,0.7065938270000001
ENSG00000204178,1300.0,1.726390256
ENSG00000204217,1125.0,0.5138861579999999
ENSG00000204406,1800.0,1.295911808
ENSG00000204842,1400.0,1.477423497
ENSG00000204929,725.0,0.621645556
ENSG00000205189,1600.0,1.002862401
ENSG00000205268,1525.0,1.306128051
ENSG00000205302,1600.0,0.7922412740000001
ENSG00000205339,1700.0,1.311726051
ENSG00000205485,625.0,0.649495436
ENSG00000205628,1025.0,0.988867383
ENSG00000205758,975.0,0.596175077
ENSG00000206192,2825.0,4.0258681030000005
ENSG00000206560,1600.0,2.201791295
ENSG00000206562,2200.0,0.958498923
ENSG00000211456,1300.0,1.725690428
ENSG00000213047,1325.0,0.937506576
ENSG00000213066,2350.0,2.246434359
ENSG00000213079,1725.0,3.4789531539999996
ENSG00000213160,1475.0,2.104528615
ENSG00000213639,1825.0,1.398913501
ENSG00000214113,625.0,0.506748735
ENSG00000214517,1775.0,0.7779666409999999
ENSG00000214575,1275.0,1.347832359
ENSG00000214960,1975.0,1.5829445640000002
ENSG00000215114,1075.0,0.807355921
ENSG00000215193,2225.0,1.2204805
ENSG00000217128,1150.0,3.942458205
ENSG00000221914,1675.0,2.528008621
ENSG00000223553,400.0,1.453353268
ENSG00000224063,575.0,2.059184964
ENSG00000224271,1400.0,0.885026454
ENSG00000224531,1800.0,1.243851673
ENSG00000224905,2450.0,0.620946153
ENSG00000225470,1100.0,2.794609077
ENSG00000225546,1450.0,9.409783346000001
ENSG00000225830,1150.0,0.845701615
ENSG00000226043,2025.0,3.899913645
ENSG00000226419,1525.0,0.7743281329999999
ENSG00000226476,1425.0,1.140569779
ENSG00000226688,1350.0,1.0063606920000001
ENSG00000227070,750.0,2.447959381
ENSG00000227398,1000.0,1.077733845
ENSG00000227674,950.0,1.08976941
ENSG00000227681,1750.0,2.947711603
ENSG00000228043,1525.0,0.927850365
ENSG00000229140,750.0,7.852448452999999
ENSG00000229729,1800.0,1.3204021540000002
ENSG00000230590,900.0,1.849823726
ENSG00000231185,600.0,0.8279279209999999
ENSG00000231312,250.0,0.886146055
ENSG00000231607,1425.0,2.711060615
ENSG00000231689,1125.0,1.9556237440000002
ENSG00000232040,1300.0,3.382249077
ENSG00000232053,125.0,1.199908513
ENSG00000232104,1000.0,1.9655604690000001
ENSG00000232559,1675.0,0.8279282029999999
ENSG00000232995,1075.0,1.246230953
ENSG00000233006,900.0,0.585259427
ENSG00000233080,0.0,0.535298135
ENSG00000233184,1150.0,1.106282859
ENSG00000234062,1150.0,0.749417342
ENSG00000234261,50.0,0.514165977
ENSG00000234684,575.0,0.77082941
ENSG00000235954,650.0,0.728005294
ENSG00000236859,525.0,1.346013949
ENSG00000237461,775.0,0.68518149
ENSG00000237505,1000.0,0.635220442
ENSG00000237978,725.0,0.642357744
ENSG00000239589,300.0,0.6994564870000001
ENSG00000241107,575.0,0.50674856
ENSG00000241685,1425.0,1.482882159
ENSG00000241973,1575.0,1.677268768
ENSG00000242870,1150.0,1.1351125
ENSG00000242996,1300.0,2.053306744
ENSG00000243335,325.0,0.856477513
ENSG00000243943,1525.0,2.263788924
ENSG00000244405,1075.0,0.966055628
ENSG00000244754,1475.0,5.344171436
ENSG00000245275,1625.0,0.706593806
ENSG00000245937,1100.0,1.022314697
ENSG00000247572,550.0,0.820790556
ENSG00000247708,700.0,0.699176385
ENSG00000247828,1925.0,3.168968013
ENSG00000248049,1150.0,1.469866781
ENSG00000248131,1275.0,1.300110141
ENSG00000248309,1650.0,1.1318932879999999
ENSG00000248489,1350.0,0.6637696470000001
ENSG00000248596,1025.0,3.014326613
ENSG00000248710,1425.0,3.153576474
ENSG00000248975,1175.0,0.549572686
ENSG00000249174,1725.0,1.7144943080000001
ENSG00000249178,1975.0,3.686634308
ENSG00000249550,1850.0,0.620665821
ENSG00000249803,1575.0,1.997608013
ENSG00000250151,925.0,2.529267129
ENSG00000250903,475.0,0.620945885
ENSG00000251003,1475.0,2.191155295
ENSG00000251129,1650.0,2.781454076
ENSG00000251136,725.0,1.628287141
ENSG00000251138,1100.0,1.170519187
ENSG00000251165,1200.0,0.9764123459999999
ENSG00000251574,1950.0,2.2696665769999997
ENSG00000253350,1550.0,0.9876081990000001
ENSG00000253729,875.0,2.872140141
ENSG00000253853,1275.0,1.4274622369999999
ENSG00000254087,1425.0,2.314169433
ENSG00000254319,875.0,2.013701949
ENSG00000254462,250.0,1.199488296
ENSG00000254995,1325.0,1.750881062
ENSG00000255529,1125.0,1.855702905
ENSG00000255663,1425.0,1.405210949
ENSG00000255679,1375.0,1.678108359
ENSG00000256591,1100.0,1.327539824
ENSG00000256966,1100.0,2.2292208909999998
ENSG00000257103,1325.0,1.820015115
ENSG00000257261,1275.0,2.726453538
ENSG00000257365,350.0,0.582320462
ENSG00000257815,725.0,1.276598891
ENSG00000258038,1025.0,0.912595945
ENSG00000258539,450.0,1.372323692
ENSG00000259112,1250.0,2.092358372
ENSG00000259220,750.0,1.490859076
ENSG00000259240,1450.0,0.820790638
ENSG00000259332,725.0,1.320402767
ENSG00000259471,1400.0,1.997887926
ENSG00000259560,1125.0,1.7405243959999999
ENSG00000259692,475.0,1.235454703
ENSG00000259768,925.0,0.749417618
ENSG00000260170,1450.0,1.8190355
ENSG00000260729,1075.0,0.6946981059999999
ENSG00000260916,1500.0,4.410162231
ENSG00000261008,1300.0,1.006360922
ENSG00000261717,2150.0,0.784964563
ENSG00000261750,1150.0,0.5852594870000001
ENSG00000263551,950.0,0.8163122690000001
ENSG00000263711,1825.0,4.161055982
ENSG00000265257,1250.0,6.142431858999999
ENSG00000266202,1525.0,0.513886553
ENSG00000266602,700.0,0.7305246790000001
