ensembl_transcript_id,Rate_60to120min
ENST00000003302,1454.1833333333334
ENST00000008527,1841.6833333333334
ENST00000169298,208.33333333333334
ENST00000176763,2420.8333333333335
ENST00000178640,158.33333333333334
ENST00000181796,1162.5
ENST00000182527,1487.5166666666667
ENST00000190611,45.833333333333336
ENST00000202677,1879.1666666666667
ENST00000206262,141.66666666666666
ENST00000216181,1937.5166666666667
ENST00000217246,75
ENST00000219689,1620.85
ENST00000220616,1383.3333333333333
ENST00000220763,3375
ENST00000222673,1866.6833333333334
ENST00000225737,1387.5166666666667
ENST00000227349,1145.85
ENST00000228705,2700
ENST00000230173,2408.35
ENST00000230538,583.3333333333334
ENST00000233156,1658.35
ENST00000233741,1529.1833333333334
ENST00000234195,1950.0166666666667
ENST00000235307,2650
ENST00000236698,3941.6666666666665
ENST00000242067,5100
ENST00000242505,1425.0166666666667
ENST00000243077,1545.85
ENST00000244751,1804.1833333333334
ENST00000245441,2016.6833333333334
ENST00000246166,1425.0166666666667
ENST00000248306,1904.1666666666667
ENST00000251157,3841.6666666666665
ENST00000251507,5204.166666666667
ENST00000251630,150
ENST00000251691,562.5
ENST00000252032,1787.5
ENST00000253861,2633.3333333333335
ENST00000254480,3258.3333333333335
ENST00000254624,1987.5166666666667
ENST00000254730,1154.1666666666667
ENST00000255194,3308.3333333333335
ENST00000255559,2320.8333333333335
ENST00000256062,1387.5
ENST00000256190,4104.166666666667
ENST00000256324,2020.85
ENST00000256339,608.3333333333334
ENST00000256413,2954.1666666666665
ENST00000256544,1316.6833333333334
ENST00000256637,1629.1833333333334
ENST00000256935,4137.5
ENST00000256958,1620.85
ENST00000257209,104.16666666666667
ENST00000258229,2691.6666666666665
ENST00000259008,3020.8333333333335
ENST00000259351,104.16666666666667
ENST00000260126,8.333333333333334
ENST00000261037,150
ENST00000261192,54.166666666666664
ENST00000261205,1845.8333333333333
ENST00000261396,1295.85
ENST00000261439,2562.5
ENST00000261448,1308.35
ENST00000261491,3083.3333333333335
ENST00000261588,679.1666666666666
ENST00000261592,3045.85
ENST00000261643,2279.1666666666665
ENST00000261726,1929.1666666666667
ENST00000261776,2054.1833333333334
ENST00000261861,1812.5
ENST00000262215,75
ENST00000262305,1783.35
ENST00000262320,1241.6833333333334
ENST00000262367,2537.5
ENST00000262424,1616.6833333333334
ENST00000262457,3141.6666666666665
ENST00000262539,495.8333333333333
ENST00000262570,2666.6666666666665
ENST00000262593,575
ENST00000262719,2762.5
ENST00000262738,737.5
ENST00000262839,8.333333333333334
ENST00000262854,1916.6666666666667
ENST00000262961,1170.85
ENST00000263054,404.1666666666667
ENST00000263073,3920.8333333333335
ENST00000263208,1841.6833333333334
ENST00000263321,1541.6833333333334
ENST00000263334,1175.0166666666667
ENST00000263563,1625.0166666666667
ENST00000263650,1462.5166666666667
ENST00000263713,2750
ENST00000263734,1650.0166666666667
ENST00000263754,2058.35
ENST00000263801,1883.35
ENST00000264159,2179.1666666666665
ENST00000264235,4333.333333333333
ENST00000264245,1550
ENST00000264276,1491.6833333333334
ENST00000264363,1825
ENST00000264399,691.6666666666666
ENST00000264664,1354.1833333333334
ENST00000264731,566.6666666666666
ENST00000264741,1308.3333333333333
ENST00000264758,1595.85
ENST00000264808,3708.35
ENST00000264870,3016.6666666666665
ENST00000265018,329.1666666666667
ENST00000265022,1579.1666666666667
ENST00000265069,1658.35
ENST00000265080,1137.5166666666667
ENST00000265107,2120.8333333333335
ENST00000265261,1079.1833333333334
ENST00000265342,1108.3333333333333
ENST00000265381,3616.6666666666665
ENST00000265382,1162.5
ENST00000265563,1850.0166666666667
ENST00000265689,1304.1833333333334
ENST00000265769,1083.35
ENST00000265922,3116.6666666666665
ENST00000265997,3125
ENST00000267615,370.8333333333333
ENST00000267811,3116.6666666666665
ENST00000268184,2083.35
ENST00000268603,250
ENST00000269081,1683.35
ENST00000269445,1325
ENST00000271588,3666.6666666666665
ENST00000272321,3141.6666666666665
ENST00000272369,2279.1666666666665
ENST00000272771,679.1666666666666
ENST00000272793,2433.3333333333335
ENST00000273009,8.333333333333334
ENST00000273352,1383.35
ENST00000273353,2475
ENST00000273859,1904.1833333333334
ENST00000273980,1879.1666666666667
ENST00000274008,1175
ENST00000274276,1654.1833333333334
ENST00000274487,1112.5
ENST00000274498,4654.166666666667
ENST00000274547,983.3333333333334
ENST00000274695,3587.5
ENST00000275053,758.3333333333334
ENST00000276282,2000.0166666666667
ENST00000276297,4.166666666666667
ENST00000276659,2383.3333333333335
ENST00000280200,1887.5166666666667
ENST00000280663,308.3333333333333
ENST00000280871,2625
ENST00000280886,5883.333333333333
ENST00000280979,645.8333333333334
ENST00000281081,3712.5
ENST00000281092,975
ENST00000281156,7150
ENST00000281513,658.3333333333334
ENST00000281924,4166.666666666667
ENST00000281928,2779.1666666666665
ENST00000282111,841.6666666666666
ENST00000282185,2795.8333333333335
ENST00000282268,3025
ENST00000282272,5187.5
ENST00000282356,150
ENST00000282908,854.1666666666666
ENST00000283147,787.5
ENST00000283228,1187.5
ENST00000283365,6462.516666666666
ENST00000284073,3470.8333333333335
ENST00000284268,258.3333333333333
ENST00000284509,1983.3333333333333
ENST00000284719,670.8333333333334
ENST00000284776,1425
ENST00000286355,1841.6666666666667
ENST00000286448,1195.85
ENST00000286548,1683.3333333333333
ENST00000286574,1179.1833333333334
ENST00000286657,4129.166666666667
ENST00000286827,395.8333333333333
ENST00000287218,2208.3333333333335
ENST00000287437,2262.5
ENST00000287878,12.5
ENST00000288235,358.3333333333333
ENST00000288368,1570.8333333333333
ENST00000288670,2695.8333333333335
ENST00000289292,2141.6666666666665
ENST00000289672,2429.1666666666665
ENST00000292246,3162.5
ENST00000292672,1366.6833333333334
ENST00000294383,716.6666666666666
ENST00000294618,1208.35
ENST00000295095,3250
ENST00000295454,104.16666666666667
ENST00000295966,3470.8333333333335
ENST00000296220,1250.0166666666667
ENST00000296657,1720.85
ENST00000296721,8.333333333333334
ENST00000296733,1012.5166666666667
ENST00000296741,1716.6666666666667
ENST00000296755,1862.5166666666667
ENST00000296861,1408.35
ENST00000296955,1595.85
ENST00000297029,1650.0166666666667
ENST00000297145,2170.85
ENST00000297423,2979.1666666666665
ENST00000297450,904.1666666666666
ENST00000297784,3537.5
ENST00000297979,1262.5
ENST00000298119,383.3333333333333
ENST00000298310,1337.5166666666667
ENST00000298622,1287.5166666666667
ENST00000298738,1229.1833333333334
ENST00000299308,2304.1666666666665
ENST00000299345,4883.333333333333
ENST00000299687,2212.5
ENST00000299824,2116.6833333333334
ENST00000299954,20.833333333333332
ENST00000300105,537.5
ENST00000301180,1300
ENST00000301923,2191.6666666666665
ENST00000302085,1358.35
ENST00000302251,1245.85
ENST00000303635,158.33333333333334
ENST00000303694,1991.6666666666667
ENST00000304685,287.5
ENST00000305031,3354.1666666666665
ENST00000305108,1787.5166666666667
ENST00000305494,4175
ENST00000305747,4112.5
ENST00000305921,1262.5166666666667
ENST00000306052,1587.5166666666667
ENST00000306156,787.5
ENST00000306402,2337.5
ENST00000306764,1862.5
ENST00000307138,2004.1666666666667
ENST00000307363,1837.5166666666667
ENST00000307546,4445.833333333333
ENST00000307624,33.333333333333336
ENST00000307671,2695.8333333333335
ENST00000308191,1004.1666666666666
ENST00000308448,1270.85
ENST00000308660,62.5
ENST00000309447,162.5
ENST00000309765,1454.1833333333334
ENST00000309955,1170.85
ENST00000310193,3445.85
ENST00000310343,120.83333333333333
ENST00000310653,1583.35
ENST00000310758,1412.5
ENST00000310836,1458.35
ENST00000310864,1241.6833333333334
ENST00000310903,1541.6833333333334
ENST00000310961,841.6666666666666
ENST00000311350,1200.0166666666667
ENST00000312428,5362.5
ENST00000313070,3929.1833333333334
ENST00000313164,1237.5166666666667
ENST00000313237,2137.5
ENST00000313654,3583.3333333333335
ENST00000314191,3112.5
ENST00000315571,4066.6666666666665
ENST00000315660,1166.6833333333334
ENST00000315677,37.5
ENST00000315757,112.5
ENST00000315796,1533.35
ENST00000316218,1745.85
ENST00000316519,1458.35
ENST00000316549,4250
ENST00000317025,2037.5166666666667
ENST00000317357,4.166666666666667
ENST00000317868,1516.6833333333334
ENST00000318063,62.5
ENST00000318217,879.1666666666666
ENST00000318522,2395.8333333333335
ENST00000318789,8.333333333333334
ENST00000318948,1891.6833333333334
ENST00000319217,2870.8333333333335
ENST00000319653,1020.8333333333334
ENST00000319836,83.33333333333333
ENST00000320057,1291.6833333333334
ENST00000320394,1812.5
ENST00000320640,2779.1666666666665
ENST00000320672,3808.3333333333335
ENST00000320865,1962.5166666666667
ENST00000321196,7050
ENST00000321582,1300
ENST00000321662,12.5
ENST00000321871,1183.3333333333333
ENST00000322285,1516.6666666666667
ENST00000322349,2633.3333333333335
ENST00000322536,2875
ENST00000323434,679.1666666666666
ENST00000323817,3304.1666666666665
ENST00000324695,1658.35
ENST00000325212,1295.85
ENST00000325239,25
ENST00000325722,2066.6666666666665
ENST00000326877,187.5
ENST00000327367,645.8333333333334
ENST00000327441,2466.6666666666665
ENST00000327475,770.8333333333334
ENST00000327835,2658.3333333333335
ENST00000327858,1800.0166666666667
ENST00000327946,5829.166666666667
ENST00000328041,450
ENST00000328252,2283.3333333333335
ENST00000328300,2150
ENST00000328405,1320.8333333333333
ENST00000328459,2791.6666666666665
ENST00000328908,762.5
ENST00000328913,908.3333333333334
ENST00000328957,783.3333333333334
ENST00000329474,2608.3333333333335
ENST00000330198,1550.0166666666667
ENST00000330796,1983.3333333333333
ENST00000331134,1495.85
ENST00000331762,1816.6666666666667
ENST00000332408,879.1666666666666
ENST00000332853,1850.0166666666667
ENST00000333190,2770.8333333333335
ENST00000333274,200
ENST00000333538,4675
ENST00000333837,925
ENST00000333891,3995.85
ENST00000334049,1062.5
ENST00000334062,458.3333333333333
ENST00000334268,1095.8333333333333
ENST00000334304,1404.1666666666667
ENST00000334512,2733.3333333333335
ENST00000334651,3462.5
ENST00000334956,1437.5
ENST00000335473,1933.3333333333333
ENST00000335693,466.6666666666667
ENST00000335866,1229.1666666666667
ENST00000335894,1333.3333333333333
ENST00000336152,1954.1833333333334
ENST00000336199,2745.8333333333335
ENST00000336273,1595.85
ENST00000336596,1341.6666666666667
ENST00000336735,1200.0166666666667
ENST00000336769,2095.8333333333335
ENST00000336898,1683.35
ENST00000336904,2062.516666666667
ENST00000336926,3225
ENST00000336930,141.68333333333334
ENST00000337195,945.8333333333334
ENST00000337414,395.8333333333333
ENST00000337743,2816.6666666666665
ENST00000337774,1254.1833333333334
ENST00000338087,1108.35
ENST00000338144,2483.3333333333335
ENST00000338458,3220.8333333333335
ENST00000338883,75
ENST00000339362,2929.1666666666665
ENST00000340612,2925
ENST00000341029,1745.85
ENST00000341197,2462.516666666667
ENST00000341319,1295.85
ENST00000341516,1854.1833333333334
ENST00000341594,1179.1666666666667
ENST00000341700,170.83333333333334
ENST00000341772,1195.85
ENST00000341776,1700
ENST00000341998,2366.6666666666665
ENST00000342056,2587.5
ENST00000342108,2066.6833333333334
ENST00000342232,1570.85
ENST00000342287,3662.5
ENST00000342526,1016.6666666666666
ENST00000343070,1408.35
ENST00000343090,1383.3333333333333
ENST00000343295,1470.85
ENST00000343702,187.5
ENST00000344113,3700
ENST00000344683,3154.1666666666665
ENST00000344773,4058.3333333333335
ENST00000345097,3833.3333333333335
ENST00000345617,3300
ENST00000346085,3583.3333333333335
ENST00000346432,2587.5
ENST00000346964,1195.8333333333333
ENST00000347053,66.66666666666667
ENST00000347630,1475.0166666666667
ENST00000348628,1341.6833333333334
ENST00000348831,954.1666666666666
ENST00000349320,1187.5166666666667
ENST00000351008,1950
ENST00000351747,3137.5
ENST00000352632,1933.35
ENST00000353364,62.5
ENST00000354449,2329.1666666666665
ENST00000354567,1116.6666666666667
ENST00000354638,1595.8333333333333
ENST00000354725,3129.1666666666665
ENST00000354752,1187.5166666666667
ENST00000354817,1220.85
ENST00000354883,1804.1666666666667
ENST00000354992,2525
ENST00000355044,8666.666666666666
ENST00000355086,3287.5
ENST00000355327,412.5
ENST00000355387,25
ENST00000355520,2195.8333333333335
ENST00000355621,29.166666666666668
ENST00000355972,666.6666666666666
ENST00000355973,1329.1833333333334
ENST00000355999,3995.8333333333335
ENST00000356056,1645.8333333333333
ENST00000356136,3537.5
ENST00000356175,2612.5
ENST00000356291,1337.5166666666667
ENST00000356297,1037.5
ENST00000356448,1158.3333333333333
ENST00000356458,41.666666666666664
ENST00000356575,91.66666666666667
ENST00000356607,1245.8333333333333
ENST00000356698,1408.35
ENST00000356711,1570.8333333333333
ENST00000357033,16908.333333333332
ENST00000357103,1787.5166666666667
ENST00000357162,1925
ENST00000357232,66.66666666666667
ENST00000357258,1387.5
ENST00000357277,425
ENST00000357393,562.5
ENST00000357410,1616.6666666666667
ENST00000357430,1554.1833333333334
ENST00000357447,7987.5
ENST00000357552,1225.0166666666667
ENST00000357716,1200.0166666666667
ENST00000357917,137.5
ENST00000358077,562.5
ENST00000358350,3550
ENST00000358511,58.333333333333336
ENST00000358654,812.5
ENST00000358657,1775
ENST00000358763,5170.833333333333
ENST00000358823,2179.1833333333334
ENST00000358935,1208.35
ENST00000359015,2433.3333333333335
ENST00000359154,1729.1666666666667
ENST00000359263,2116.6666666666665
ENST00000359358,1833.35
ENST00000359568,1433.3333333333333
ENST00000359726,1875
ENST00000359791,2200
ENST00000359872,13733.333333333334
ENST00000359901,1754.1833333333334
ENST00000360029,791.6666666666666
ENST00000360057,3062.5
ENST00000360156,1450.0166666666667
ENST00000360242,1270.8333333333333
ENST00000360256,2354.1666666666665
ENST00000360388,3095.8333333333335
ENST00000360449,2350
ENST00000360534,1179.1833333333334
ENST00000360655,420.8333333333333
ENST00000360669,1316.6833333333334
ENST00000360689,3329.1666666666665
ENST00000360909,2987.5
ENST00000360963,45.833333333333336
ENST00000361078,1862.5166666666667
ENST00000361511,437.5
ENST00000361521,2125
ENST00000361524,1966.6666666666667
ENST00000361719,5954.166666666667
ENST00000361820,104.16666666666667
ENST00000361897,1950
ENST00000362010,1950
ENST00000362077,770.8333333333334
ENST00000366534,2295.8333333333335
ENST00000366541,2712.5
ENST00000366552,1525
ENST00000366559,25
ENST00000366574,4325
ENST00000366618,3608.3333333333335
ENST00000366661,1362.5166666666667
ENST00000366672,1454.1666666666667
ENST00000366898,1204.1666666666667
ENST00000366935,2554.1666666666665
ENST00000367177,1208.35
ENST00000367187,1237.5166666666667
ENST00000367278,2054.1666666666665
ENST00000367302,520.8333333333334
ENST00000367463,3116.6666666666665
ENST00000367537,1520.85
ENST00000367545,2375
ENST00000367584,1641.6666666666667
ENST00000367590,3987.5
ENST00000367607,2637.5
ENST00000367614,1820.85
ENST00000367649,5395.833333333333
ENST00000367669,3145.8333333333335
ENST00000367696,1679.1833333333334
ENST00000368173,1933.35
ENST00000368417,1333.3333333333333
ENST00000368488,2450
ENST00000368559,58.333333333333336
ENST00000368594,3912.5
ENST00000368679,962.5
ENST00000368966,1954.1666666666667
ENST00000368972,812.5
ENST00000369162,1795.8333333333333
ENST00000369303,920.8333333333334
ENST00000369393,2941.6666666666665
ENST00000369452,1720.85
ENST00000369483,1716.6833333333334
ENST00000369485,3958.3333333333335
ENST00000369604,1204.1833333333334
ENST00000369755,1195.85
ENST00000369774,1041.6666666666667
ENST00000369878,2658.3333333333335
ENST00000369902,54.166666666666664
ENST00000370103,2004.1666666666667
ENST00000370192,7620.833333333333
ENST00000370244,4629.166666666667
ENST00000370331,3329.1666666666665
ENST00000370460,700
ENST00000370548,3087.516666666667
ENST00000370549,1516.6666666666667
ENST00000370571,200
ENST00000370598,3266.6666666666665
ENST00000370611,1308.35
ENST00000370742,1841.6833333333334
ENST00000370746,25
ENST00000370904,1112.5
ENST00000370944,1754.1833333333334
ENST00000371117,179.16666666666666
ENST00000371191,3304.1666666666665
ENST00000371372,1445.8333333333333
ENST00000371380,1241.6666666666667
ENST00000371497,2912.5
ENST00000371518,629.1666666666666
ENST00000371608,1566.6833333333334
ENST00000371817,1270.8333333333333
ENST00000371837,1841.6666666666667
ENST00000371872,1400.0166666666667
ENST00000371947,775
ENST00000372072,2900
ENST00000372086,79.16666666666667
ENST00000372141,8.35
ENST00000372216,4650
ENST00000372257,2229.1666666666665
ENST00000372336,1216.6833333333334
ENST00000372398,1241.6833333333334
ENST00000372492,25
ENST00000372583,2804.1666666666665
ENST00000372980,1279.1833333333334
ENST00000373094,5558.35
ENST00000373125,6345.85
ENST00000373344,2633.3333333333335
ENST00000373388,9808.333333333334
ENST00000373624,2787.5
ENST00000373625,1304.1833333333334
ENST00000373664,1820.85
ENST00000373747,1083.3333333333333
ENST00000373779,1666.6833333333334
ENST00000373789,1354.1833333333334
ENST00000373825,1629.1833333333334
ENST00000373839,2154.1666666666665
ENST00000373886,3041.6833333333334
ENST00000373946,179.16666666666666
ENST00000374531,3020.8333333333335
ENST00000374553,6479.183333333333
ENST00000374580,3075
ENST00000374595,1341.6833333333334
ENST00000374647,1270.85
ENST00000374706,2125
ENST00000374791,9745.833333333334
ENST00000374852,558.3333333333334
ENST00000374935,1550
ENST00000375114,1679.1833333333334
ENST00000375279,33.333333333333336
ENST00000375300,3820.8333333333335
ENST00000375400,1004.1666666666666
ENST00000375406,1308.35
ENST00000375587,4537.5
ENST00000375715,1212.5
ENST00000376042,2350
ENST00000376104,400
ENST00000376131,183.33333333333334
ENST00000376238,1120.85
ENST00000376352,1504.1666666666667
ENST00000376355,4375
ENST00000376438,3912.516666666667
ENST00000376573,2987.5
ENST00000376705,5966.666666666667
ENST00000376718,1908.3333333333333
ENST00000376747,2450
ENST00000376862,404.1666666666667
ENST00000376896,2945.8333333333335
ENST00000376980,3920.8333333333335
ENST00000377086,2787.5
ENST00000377252,6037.5
ENST00000377298,1750.0166666666667
ENST00000377360,1204.1666666666667
ENST00000377669,3520.8333333333335
ENST00000377707,2533.3333333333335
ENST00000377833,2312.5
ENST00000377868,1229.1833333333334
ENST00000378069,1945.85
ENST00000378204,3975
ENST00000378429,4254.183333333333
ENST00000378454,1316.6666666666667
ENST00000378455,766.6666666666666
ENST00000378473,3033.3333333333335
ENST00000378494,1500
ENST00000378618,54.166666666666664
ENST00000378993,10437.5
ENST00000379019,1270.85
ENST00000379068,2458.3333333333335
ENST00000379145,2037.5166666666667
ENST00000379226,1375.0166666666667
ENST00000379310,1208.3333333333333
ENST00000379361,91.66666666666667
ENST00000379415,1341.6833333333334
ENST00000379554,583.3333333333334
ENST00000379558,62.5
ENST00000379643,1862.5166666666667
ENST00000380050,3995.8333333333335
ENST00000380249,45.833333333333336
ENST00000380252,2533.3333333333335
ENST00000380259,2783.3333333333335
ENST00000380317,1162.5166666666667
ENST00000380338,41.666666666666664
ENST00000380620,1900.0166666666667
ENST00000380672,333.35
ENST00000380680,1525.0166666666667
ENST00000380682,6241.666666666667
ENST00000380787,3062.5
ENST00000380815,725
ENST00000380861,158.33333333333334
ENST00000380913,2629.1833333333334
ENST00000380934,3016.6666666666665
ENST00000381006,1604.1833333333334
ENST00000381055,45.833333333333336
ENST00000381070,3595.8333333333335
ENST00000381309,4037.5
ENST00000381318,1345.8333333333333
ENST00000381340,79.16666666666667
ENST00000381638,2287.5
ENST00000381668,3941.6666666666665
ENST00000381685,2141.6833333333334
ENST00000381750,1295.85
ENST00000381971,3350
ENST00000381989,1662.5166666666667
ENST00000382080,18445.833333333332
ENST00000382303,1433.3333333333333
ENST00000382491,1816.6833333333334
ENST00000383019,1458.3333333333333
ENST00000383096,3300
ENST00000383366,1616.6666666666667
ENST00000383710,8.35
ENST00000383772,1062.5
ENST00000383836,4466.666666666667
ENST00000389100,2312.5
ENST00000389286,204.16666666666666
ENST00000389301,1479.1833333333334
ENST00000389398,1158.35
ENST00000389532,1812.5166666666667
ENST00000389672,808.35
ENST00000389727,204.16666666666666
ENST00000389857,1145.8333333333333
ENST00000389934,262.5
ENST00000389960,2104.1833333333334
ENST00000390654,2833.3333333333335
ENST00000390680,1295.85
ENST00000391860,1958.35
ENST00000392069,1750.0166666666667
ENST00000392452,2125.016666666667
ENST00000392521,3179.1666666666665
ENST00000392693,45.833333333333336
ENST00000392766,50
ENST00000392837,2070.85
ENST00000392870,1275
ENST00000392901,1775
ENST00000392971,2091.6833333333334
ENST00000392993,1295.85
ENST00000393077,3520.8333333333335
ENST00000393140,1241.6833333333334
ENST00000393232,545.8333333333334
ENST00000393329,1954.1833333333334
ENST00000393446,3291.6666666666665
ENST00000393630,2108.3333333333335
ENST00000393651,3679.1666666666665
ENST00000393784,2133.35
ENST00000394063,4091.6666666666665
ENST00000394155,1150.0166666666667
ENST00000394518,5137.5
ENST00000394817,1487.5
ENST00000394835,12.5
ENST00000394854,3720.8333333333335
ENST00000394945,529.1666666666666
ENST00000394968,3925
ENST00000395184,3466.6666666666665
ENST00000395211,1837.5166666666667
ENST00000395276,3675
ENST00000395297,3708.3333333333335
ENST00000395527,4416.666666666667
ENST00000395542,2116.6666666666665
ENST00000395734,1104.1666666666667
ENST00000395891,170.83333333333334
ENST00000395923,3270.8333333333335
ENST00000395961,1883.3333333333333
ENST00000395965,1012.5
ENST00000396153,3891.6666666666665
ENST00000396373,3016.6666666666665
ENST00000396435,1633.35
ENST00000396573,4.166666666666667
ENST00000396604,1275.0166666666667
ENST00000396671,3925
ENST00000397010,2391.6666666666665
ENST00000397081,3591.6666666666665
ENST00000397146,1954.1833333333334
ENST00000397167,912.5
ENST00000397821,295.8333333333333
ENST00000397906,2450
ENST00000397936,2316.6833333333334
ENST00000397944,45.833333333333336
ENST00000397998,966.6666666666666
ENST00000398204,1820.8333333333333
ENST00000398212,3987.5
ENST00000398333,1470.85
ENST00000398339,2945.8333333333335
ENST00000398571,3295.8333333333335
ENST00000398576,4.166666666666667
ENST00000398761,3837.5
ENST00000399022,1450.0166666666667
ENST00000399034,1929.1833333333334
ENST00000399397,41.666666666666664
ENST00000399429,1333.3333333333333
ENST00000399640,2112.516666666667
ENST00000399655,1695.8333333333333
ENST00000400128,2245.8333333333335
ENST00000400314,3841.6666666666665
ENST00000400324,3279.1666666666665
ENST00000400345,625
ENST00000400405,1254.1833333333334
ENST00000400445,9908.333333333334
ENST00000400546,3229.1666666666665
ENST00000400908,3454.1666666666665
ENST00000401604,4762.5
ENST00000401642,3125
ENST00000402038,420.8333333333333
ENST00000402114,2641.6666666666665
ENST00000402655,4370.833333333333
ENST00000403058,1270.8333333333333
ENST00000403625,4.166666666666667
ENST00000403714,1950.0166666666667
ENST00000404338,1600.0166666666667
ENST00000404460,3120.8333333333335
ENST00000404816,2212.5
ENST00000404826,14700
ENST00000405015,945.8333333333334
ENST00000405460,833.3333333333334
ENST00000405592,1845.8333333333333
ENST00000405805,133.33333333333334
ENST00000405863,1408.35
ENST00000406053,1779.1666666666667
ENST00000406337,50
ENST00000406427,1645.85
ENST00000406846,2829.1666666666665
ENST00000406949,1441.6833333333334
ENST00000406961,3420.8333333333335
ENST00000406979,975
ENST00000407071,3770.8333333333335
ENST00000407073,16.666666666666668
ENST00000407184,4.166666666666667
ENST00000407597,1754.1666666666667
ENST00000407847,1783.35
ENST00000408999,262.5
ENST00000409003,3800
ENST00000409016,1716.6666666666667
ENST00000409035,566.6666666666666
ENST00000409078,1529.1666666666667
ENST00000409195,1229.1833333333334
ENST00000409404,2437.5
ENST00000409418,3258.3333333333335
ENST00000409750,275.01666666666665
ENST00000409785,1633.35
ENST00000409830,4000
ENST00000409845,1508.35
ENST00000409874,1516.6666666666667
ENST00000409931,1508.35
ENST00000410059,275.01666666666665
ENST00000412276,3795.8333333333335
ENST00000412294,4.166666666666667
ENST00000412306,20.833333333333332
ENST00000412387,2370.8333333333335
ENST00000412410,1141.6833333333334
ENST00000412896,3558.3333333333335
ENST00000412996,1370.85
ENST00000413764,2312.516666666667
ENST00000414046,66.66666666666667
ENST00000414287,762.5
ENST00000414318,9495.833333333334
ENST00000414978,2012.5
ENST00000415149,3237.5
ENST00000415182,2008.35
ENST00000415387,3075
ENST00000415434,1379.1666666666667
ENST00000415496,8.333333333333334
ENST00000415807,3279.1666666666665
ENST00000415876,70.85
ENST00000416067,870.85
ENST00000416219,1533.35
ENST00000416301,3387.5
ENST00000416424,116.66666666666667
ENST00000416739,20.833333333333332
ENST00000416849,625
ENST00000416899,4.166666666666667
ENST00000417257,4.166666666666667
ENST00000417496,6295.833333333333
ENST00000417555,1483.35
ENST00000417751,354.18333333333334
ENST00000417811,175
ENST00000417816,1725
ENST00000417975,116.66666666666667
ENST00000418658,200
ENST00000419079,3708.3333333333335
ENST00000419255,483.3333333333333
ENST00000419735,4195.833333333333
ENST00000419959,1287.5
ENST00000420000,108.33333333333333
ENST00000420323,1558.35
ENST00000420434,1525.0166666666667
ENST00000420696,2100
ENST00000420864,1304.1833333333334
ENST00000420921,3070.8333333333335
ENST00000421132,12.5
ENST00000421143,1212.5
ENST00000421604,1216.6833333333334
ENST00000421745,808.3333333333334
ENST00000421797,487.5
ENST00000421999,2320.8333333333335
ENST00000422113,11037.5
ENST00000422809,1887.5
ENST00000424084,1216.6833333333334
ENST00000424469,5141.683333333333
ENST00000424526,120.83333333333333
ENST00000424555,458.3333333333333
ENST00000424728,33.333333333333336
ENST00000424786,425
ENST00000424789,2737.516666666667
ENST00000424859,583.3333333333334
ENST00000425013,2687.5
ENST00000425128,1991.6833333333334
ENST00000425146,1329.1666666666667
ENST00000425241,1758.35
ENST00000425300,1837.5166666666667
ENST00000425327,1350
ENST00000425538,1395.85
ENST00000425894,479.1666666666667
ENST00000426016,895.8333333333334
ENST00000426589,1195.85
ENST00000426664,3783.3333333333335
ENST00000426886,2150
ENST00000426972,1520.8333333333333
ENST00000427015,979.1666666666666
ENST00000427140,20.833333333333332
ENST00000427335,766.6666666666666
ENST00000427394,4750
ENST00000428311,4.166666666666667
ENST00000428314,1745.85
ENST00000428675,2387.5
ENST00000428762,2979.1666666666665
ENST00000429027,2937.5
ENST00000429238,5041.666666666667
ENST00000429436,2133.35
ENST00000429636,6354.166666666667
ENST00000429644,3816.6666666666665
ENST00000429816,2133.35
ENST00000429845,1775
ENST00000430192,4.166666666666667
ENST00000430796,1820.8333333333333
ENST00000431054,1566.6833333333334
ENST00000431071,3375
ENST00000431391,1316.6833333333334
ENST00000431708,2970.8333333333335
ENST00000432059,3941.6666666666665
ENST00000432116,3904.1833333333334
ENST00000432296,358.3333333333333
ENST00000432367,1158.35
ENST00000432432,1212.5166666666667
ENST00000432694,941.6666666666666
ENST00000432747,1854.1666666666667
ENST00000432829,600
ENST00000432992,595.8333333333334
ENST00000433011,1945.85
ENST00000433211,2241.6666666666665
ENST00000433239,637.5
ENST00000433310,2041.6666666666667
ENST00000433337,775
ENST00000433360,2320.8333333333335
ENST00000433396,2095.85
ENST00000433639,1525
ENST00000433656,4.166666666666667
ENST00000433818,2091.6833333333334
ENST00000434418,2279.1666666666665
ENST00000434565,1566.6833333333334
ENST00000434748,1754.1833333333334
ENST00000435205,1633.3333333333333
ENST00000435224,195.83333333333334
ENST00000435287,137.5
ENST00000435336,1637.5166666666667
ENST00000435411,966.6666666666666
ENST00000435564,4154.166666666667
ENST00000435695,8.333333333333334
ENST00000435803,795.8333333333334
ENST00000435819,1516.6666666666667
ENST00000435907,1591.6833333333334
ENST00000435962,1604.1833333333334
ENST00000436367,362.5
ENST00000436636,4120.833333333333
ENST00000436786,2920.85
ENST00000437035,2691.6666666666665
ENST00000437181,1162.5166666666667
ENST00000437412,158.33333333333334
ENST00000437600,4179.166666666667
ENST00000437633,7220.833333333333
ENST00000438016,975.0166666666667
ENST00000438026,1266.6833333333334
ENST00000438447,5620.833333333333
ENST00000439009,708.3333333333334
ENST00000439145,1229.1833333333334
ENST00000439293,33.333333333333336
ENST00000439438,87.5
ENST00000439617,1362.5
ENST00000439709,1308.35
ENST00000440005,112.5
ENST00000440494,383.3333333333333
ENST00000440698,18954.166666666668
ENST00000440763,1895.8333333333333
ENST00000440785,1425
ENST00000441037,5533.333333333333
ENST00000441383,300
ENST00000441562,1483.35
ENST00000441866,37.5
ENST00000442155,1029.1833333333334
ENST00000442502,7562.5
ENST00000442544,14416.666666666666
ENST00000443123,1479.1833333333334
ENST00000443185,2404.1833333333334
ENST00000443621,16.666666666666668
ENST00000443800,1312.5
ENST00000444042,1508.35
ENST00000444124,33.333333333333336
ENST00000444766,1204.1833333333334
ENST00000445035,1183.35
ENST00000445572,954.1666666666666
ENST00000445597,2316.6666666666665
ENST00000445839,2537.5
ENST00000446281,7379.166666666667
ENST00000446355,3620.8333333333335
ENST00000446558,1454.1833333333334
ENST00000447198,1120.85
ENST00000447289,495.8333333333333
ENST00000447459,1925
ENST00000448002,2025
ENST00000448347,104.16666666666667
ENST00000448413,400
ENST00000448713,833.3333333333334
ENST00000449111,1441.6666666666667
ENST00000449714,1291.6666666666667
ENST00000449764,1225.0166666666667
ENST00000449990,2145.85
ENST00000450551,408.35
ENST00000450716,1216.6666666666667
ENST00000451136,2416.6666666666665
ENST00000451400,1395.85
ENST00000451551,1825.0166666666667
ENST00000451663,1270.85
ENST00000452181,1154.1833333333334
ENST00000452400,3183.3333333333335
ENST00000452840,491.6666666666667
ENST00000452901,991.6833333333333
ENST00000453304,2254.1666666666665
ENST00000453459,1512.5166666666667
ENST00000453558,41.666666666666664
ENST00000453654,1512.5
ENST00000453902,2170.85
ENST00000454207,1379.1833333333334
ENST00000454600,1587.5
ENST00000454679,7658.333333333333
ENST00000454681,100
ENST00000454784,2066.6666666666665
ENST00000455140,2095.85
ENST00000455455,1362.5166666666667
ENST00000455502,3645.8333333333335
ENST00000455576,12.5
ENST00000455963,1087.5166666666667
ENST00000455972,1016.6833333333333
ENST00000456504,2066.6666666666665
ENST00000456952,2579.1666666666665
ENST00000457478,2795.8333333333335
ENST00000458070,1166.6666666666667
ENST00000460056,1962.5
ENST00000460265,1166.6833333333334
ENST00000460564,1633.35
ENST00000460744,212.5
ENST00000461040,870.8333333333334
ENST00000461783,1158.3333333333333
ENST00000462833,791.6666666666666
ENST00000463469,983.3333333333334
ENST00000464233,4.166666666666667
ENST00000464497,2045.85
ENST00000465127,429.1666666666667
ENST00000465684,212.5
ENST00000466986,2154.1666666666665
ENST00000467721,4262.5
ENST00000468200,1516.6666666666667
ENST00000468480,8.333333333333334
ENST00000468762,2658.3333333333335
ENST00000469019,1508.35
ENST00000469143,1200.0166666666667
ENST00000469183,2508.3333333333335
ENST00000469481,183.33333333333334
ENST00000470054,1450.0166666666667
ENST00000470188,208.33333333333334
ENST00000470790,1137.5166666666667
ENST00000472722,1300
ENST00000472729,3333.3333333333335
ENST00000472943,37.5
ENST00000473299,3379.1666666666665
ENST00000474798,75
ENST00000474889,2795.8333333333335
ENST00000474957,33.333333333333336
ENST00000475244,2116.6833333333334
ENST00000477339,1425
ENST00000477571,8.333333333333334
ENST00000477717,2933.3333333333335
ENST00000478136,1587.5166666666667
ENST00000478722,3145.8333333333335
ENST00000479212,1812.5166666666667
ENST00000479633,912.5
ENST00000479765,12.5
ENST00000479900,1512.5166666666667
ENST00000480336,708.3333333333334
ENST00000480820,3200
ENST00000481351,87.5
ENST00000481585,483.3333333333333
ENST00000481796,2154.1666666666665
ENST00000482142,441.6666666666667
ENST00000482372,41.666666666666664
ENST00000482491,1866.6833333333334
ENST00000483793,1120.85
ENST00000484212,2475
ENST00000484698,3733.3333333333335
ENST00000485419,312.5
ENST00000485616,75
ENST00000485760,2950
ENST00000485891,1533.35
ENST00000486277,1212.5166666666667
ENST00000486365,687.5
ENST00000486442,4333.333333333333
ENST00000487099,1579.1666666666667
ENST00000487840,2995.85
ENST00000488181,2662.516666666667
ENST00000488201,1125
ENST00000488612,3108.3333333333335
ENST00000489671,1412.5
ENST00000489748,1108.35
ENST00000490162,4.166666666666667
ENST00000490357,162.5
ENST00000490856,3450
ENST00000491526,2841.6666666666665
ENST00000491930,41.666666666666664
ENST00000491959,1108.35
ENST00000492590,7291.666666666667
ENST00000493112,2633.3333333333335
ENST00000493214,2037.5
ENST00000493396,1408.35
ENST00000494072,16.666666666666668
ENST00000494295,112.5
ENST00000494598,2858.3333333333335
ENST00000494793,45.833333333333336
ENST00000494947,1250.0166666666667
ENST00000495542,1654.1833333333334
ENST00000495546,3141.6666666666665
ENST00000495684,2458.3333333333335
ENST00000496613,2095.85
ENST00000497134,1275.0166666666667
ENST00000497512,220.83333333333334
ENST00000498165,4712.5
ENST00000498382,1266.6666666666667
ENST00000499025,1491.6833333333334
ENST00000500117,891.6666666666666
ENST00000500394,1458.35
ENST00000500538,1541.6666666666667
ENST00000501071,25
ENST00000501169,2779.1666666666665
ENST00000501400,2437.5
ENST00000502271,837.5
ENST00000502344,587.5
ENST00000502427,2287.5
ENST00000502459,2620.8333333333335
ENST00000502659,1516.6833333333334
ENST00000502732,162.5
ENST00000502995,1908.35
ENST00000503191,1125
ENST00000503268,2233.35
ENST00000503335,1533.3333333333333
ENST00000503349,1029.1666666666667
ENST00000503580,2800
ENST00000503581,141.66666666666666
ENST00000503650,504.1666666666667
ENST00000504012,8.333333333333334
ENST00000504032,33.333333333333336
ENST00000504050,1754.1666666666667
ENST00000504198,279.1666666666667
ENST00000504329,1233.35
ENST00000504578,1120.8333333333333
ENST00000504690,1229.1666666666667
ENST00000504828,658.35
ENST00000505040,1279.1833333333334
ENST00000505089,3412.5
ENST00000505103,3058.3333333333335
ENST00000505197,1683.35
ENST00000505347,1633.3333333333333
ENST00000505374,70.83333333333333
ENST00000505443,2041.6833333333334
ENST00000505450,1804.1833333333334
ENST00000505560,1416.6833333333334
ENST00000505712,783.3333333333334
ENST00000505802,1575.0166666666667
ENST00000505895,1408.35
ENST00000506087,429.1666666666667
ENST00000506106,345.8333333333333
ENST00000506140,912.5
ENST00000506216,1645.8333333333333
ENST00000506480,2158.3333333333335
ENST00000506502,600
ENST00000506823,162.5
ENST00000506886,8.35
ENST00000507023,2254.1666666666665
ENST00000507217,833.3333333333334
ENST00000507299,1833.35
ENST00000507361,2695.8333333333335
ENST00000507379,8.333333333333334
ENST00000507435,1162.5166666666667
ENST00000507781,804.1666666666666
ENST00000507826,3316.6666666666665
ENST00000507958,862.5
ENST00000507969,1808.35
ENST00000508011,2025
ENST00000508111,2833.3333333333335
ENST00000508166,2170.85
ENST00000508175,941.6666666666666
ENST00000508328,1441.6833333333334
ENST00000508362,308.3333333333333
ENST00000508645,2879.1666666666665
ENST00000508671,566.6833333333333
ENST00000508835,1720.85
ENST00000508859,1341.6833333333334
ENST00000509012,3791.6666666666665
ENST00000509104,1512.5166666666667
ENST00000509176,9037.516666666666
ENST00000509416,2400
ENST00000509460,1245.85
ENST00000510065,75
ENST00000510118,3158.3333333333335
ENST00000510145,1200.0166666666667
ENST00000510169,1075.0166666666667
ENST00000510259,129.16666666666666
ENST00000510327,670.8333333333334
ENST00000510459,891.6833333333333
ENST00000510657,458.3333333333333
ENST00000510708,2387.5
ENST00000510876,462.5
ENST00000510907,2204.1666666666665
ENST00000511181,1516.6833333333334
ENST00000511596,2158.3333333333335
ENST00000511642,2083.35
ENST00000511685,245.83333333333334
ENST00000511868,1262.5166666666667
ENST00000512055,108.33333333333333
ENST00000512091,7520.833333333333
ENST00000512097,2812.5
ENST00000512123,3787.5
ENST00000512351,4.166666666666667
ENST00000512559,3066.6666666666665
ENST00000512581,2433.3333333333335
ENST00000513000,5166.666666666667
ENST00000513071,1683.35
ENST00000513200,3379.1666666666665
ENST00000513211,2437.5
ENST00000513273,3208.3333333333335
ENST00000513489,829.1666666666666
ENST00000513871,1729.1833333333334
ENST00000513875,2891.6666666666665
ENST00000514092,1587.5
ENST00000514170,1483.35
ENST00000514186,445.8333333333333
ENST00000514667,116.66666666666667
ENST00000514853,4029.1666666666665
ENST00000514861,1358.35
ENST00000515026,1054.1666666666667
ENST00000515127,4.166666666666667
ENST00000515235,1158.3333333333333
ENST00000515247,1741.6666666666667
ENST00000515296,1158.35
ENST00000515518,966.6666666666666
ENST00000517566,162.5
ENST00000517570,129.16666666666666
ENST00000517970,2058.3333333333335
ENST00000518026,1820.8333333333333
ENST00000518476,6462.5
ENST00000518547,395.8333333333333
ENST00000518570,358.3333333333333
ENST00000518721,1858.3333333333333
ENST00000518973,883.3333333333334
ENST00000519104,175
ENST00000519555,929.1666666666666
ENST00000519560,1470.8333333333333
ENST00000519570,1345.8333333333333
ENST00000519689,9591.666666666666
ENST00000519728,812.5
ENST00000519819,1204.1833333333334
ENST00000520031,1570.8333333333333
ENST00000520155,70.83333333333333
ENST00000520255,687.5
ENST00000520388,2341.6666666666665
ENST00000520433,8.333333333333334
ENST00000520539,2666.6666666666665
ENST00000520686,1283.3333333333333
ENST00000520739,1504.1833333333334
ENST00000520750,1125
ENST00000520766,58.333333333333336
ENST00000520821,1608.35
ENST00000521055,1045.85
ENST00000521188,1054.1833333333334
ENST00000521268,2791.6666666666665
ENST00000521433,3845.8333333333335
ENST00000521530,1950
ENST00000522088,2183.35
ENST00000522173,2637.5
ENST00000522183,1812.5166666666667
ENST00000522189,1600.0166666666667
ENST00000522269,2454.1833333333334
ENST00000522621,1312.5
ENST00000522684,1375
ENST00000522728,1312.5166666666667
ENST00000522815,1354.1833333333334
ENST00000522917,3012.5
ENST00000522961,1741.6666666666667
ENST00000523063,3208.3333333333335
ENST00000523094,1383.35
ENST00000523191,391.6666666666667
ENST00000523207,6033.35
ENST00000523211,5429.166666666667
ENST00000523288,1604.1666666666667
ENST00000523376,2391.6666666666665
ENST00000523502,1008.35
ENST00000523584,1150
ENST00000523601,2591.6666666666665
ENST00000523719,2204.1666666666665
ENST00000524189,3237.5
ENST00000524236,883.3333333333334
ENST00000524295,604.1666666666666
ENST00000524300,1816.6666666666667
ENST00000524325,1412.5
ENST00000524361,491.6666666666667
ENST00000524717,2662.5
ENST00000524871,2562.5
ENST00000524981,1908.3333333333333
ENST00000525097,4300
ENST00000525539,2108.35
ENST00000525987,1916.6833333333334
ENST00000526355,2629.1666666666665
ENST00000527528,25
ENST00000527636,2941.6666666666665
ENST00000527849,1266.6833333333334
ENST00000527978,1550.0166666666667
ENST00000528090,1687.5166666666667
ENST00000529428,1216.6833333333334
ENST00000529624,1512.5166666666667
ENST00000531066,1312.5
ENST00000531136,1387.5166666666667
ENST00000531428,8.333333333333334
ENST00000532135,1800.0166666666667
ENST00000532481,16.666666666666668
ENST00000532485,2462.5
ENST00000532947,2987.5
ENST00000532992,2416.6666666666665
ENST00000533109,3562.5
ENST00000533390,4.166666666666667
ENST00000533625,2050
ENST00000533636,1250.0166666666667
ENST00000533902,275
ENST00000534068,29.166666666666668
ENST00000534127,262.5
ENST00000534275,1287.5166666666667
ENST00000534300,2670.8333333333335
ENST00000534358,1666.6833333333334
ENST00000534368,195.83333333333334
ENST00000534441,1933.3333333333333
ENST00000534829,412.5
ENST00000535157,1633.35
ENST00000535342,3579.1666666666665
ENST00000535520,2958.3333333333335
ENST00000535621,233.33333333333334
ENST00000535684,2641.6666666666665
ENST00000536131,833.35
ENST00000536529,2766.6833333333334
ENST00000536668,4029.1666666666665
ENST00000536932,1604.1833333333334
ENST00000537045,4.166666666666667
ENST00000537098,504.1666666666667
ENST00000537366,1766.6666666666667
ENST00000537730,1141.6833333333334
ENST00000537989,4070.8333333333335
ENST00000538312,66.66666666666667
ENST00000539036,4.166666666666667
ENST00000539198,1920.85
ENST00000539888,1241.6833333333334
ENST00000539909,3845.8333333333335
ENST00000539935,800
ENST00000540399,1429.1833333333334
ENST00000540630,1920.85
ENST00000540801,1654.1666666666667
ENST00000541189,595.8333333333334
ENST00000541337,25
ENST00000541819,2641.6666666666665
ENST00000542155,5145.833333333333
ENST00000542267,4770.833333333333
ENST00000542380,1570.85
ENST00000543086,2654.1666666666665
ENST00000543106,3637.5
ENST00000544246,2237.5
ENST00000544440,3104.1666666666665
ENST00000544583,2216.6666666666665
ENST00000544925,50
ENST00000545128,2495.8333333333335
ENST00000545260,895.8333333333334
ENST00000545383,12.5
ENST00000546087,1545.85
ENST00000546373,1916.6833333333334
ENST00000546414,1370.85
ENST00000546508,1266.6833333333334
ENST00000546977,3958.35
ENST00000547347,2962.5
ENST00000548312,8.333333333333334
ENST00000548458,191.66666666666666
ENST00000548740,4.166666666666667
ENST00000549104,50
ENST00000549278,312.5
ENST00000549360,1837.5
ENST00000549379,2066.6666666666665
ENST00000549396,7691.683333333333
ENST00000549419,2962.5
ENST00000549503,3337.5
ENST00000549930,1812.5
ENST00000550042,1225
ENST00000550474,1491.6666666666667
ENST00000551492,1637.5
ENST00000551505,4208.333333333333
ENST00000551774,33.333333333333336
ENST00000551935,283.3333333333333
ENST00000552303,1054.1666666666667
ENST00000552377,1775
ENST00000552784,1875.0166666666667
ENST00000552856,3783.3333333333335
ENST00000553061,1295.85
ENST00000553194,1137.5166666666667
ENST00000553322,2108.35
ENST00000553478,308.3333333333333
ENST00000553827,1550
ENST00000553946,1875.0166666666667
ENST00000554087,1241.6833333333334
ENST00000554123,16.666666666666668
ENST00000554318,820.8333333333334
ENST00000554546,2841.6666666666665
ENST00000554725,329.1666666666667
ENST00000554752,1566.6833333333334
ENST00000554814,112.5
ENST00000555070,1400
ENST00000555168,1329.1666666666667
ENST00000555185,2058.3333333333335
ENST00000555265,1987.5
ENST00000555300,1020.85
ENST00000555449,591.6666666666666
ENST00000555797,300
ENST00000555815,3041.6833333333334
ENST00000555989,4004.1666666666665
ENST00000556275,1279.1666666666667
ENST00000556361,2483.3333333333335
ENST00000556509,2408.3333333333335
ENST00000556568,870.8333333333334
ENST00000556646,170.83333333333334
ENST00000556810,1783.35
ENST00000557398,3004.1666666666665
ENST00000557647,1541.6833333333334
ENST00000558084,16.666666666666668
ENST00000558239,3683.3333333333335
ENST00000558348,2004.1833333333334
ENST00000558621,2683.35
ENST00000559000,2750
ENST00000559041,1379.1833333333334
ENST00000559714,1245.85
ENST00000559909,2825
ENST00000560188,1391.6666666666667
ENST00000560360,437.5
ENST00000560371,225
ENST00000560374,2016.6833333333334
ENST00000560439,4058.3333333333335
ENST00000560484,4779.166666666667
ENST00000560511,1591.6833333333334
ENST00000560626,5095.833333333333
ENST00000560647,1129.1833333333334
ENST00000561054,20.833333333333332
ENST00000561069,3825
ENST00000561302,2154.1666666666665
ENST00000561510,1520.85
ENST00000561657,1375.0166666666667
ENST00000562435,1266.6833333333334
ENST00000562572,1341.6833333333334
ENST00000563290,4000
ENST00000563397,1670.85
ENST00000563635,1958.3333333333333
ENST00000563764,1754.1666666666667
ENST00000564080,41.666666666666664
ENST00000565451,2283.3333333333335
ENST00000565495,3316.6666666666665
ENST00000565684,1391.6833333333334
ENST00000566029,1470.8333333333333
ENST00000566201,1741.6833333333334
ENST00000566202,1575.0166666666667
ENST00000566228,2691.6666666666665
ENST00000566841,1375
ENST00000567109,10104.166666666666
ENST00000567287,1220.85
ENST00000567298,1291.6833333333334
ENST00000567887,2066.6666666666665
ENST00000568279,2945.85
ENST00000568423,62.5
ENST00000568766,1950.0166666666667
ENST00000568768,1437.5166666666667
ENST00000568932,475
ENST00000569736,3662.5
ENST00000572933,1937.5166666666667
ENST00000573619,4808.35
ENST00000575858,41.666666666666664
ENST00000577674,1183.35
ENST00000578701,4825
ENST00000580960,1170.85
ENST00000581006,241.66666666666666
ENST00000582970,29.166666666666668
ENST00000583163,258.3333333333333
ENST00000583629,2304.1833333333334
ENST00000583678,3583.3333333333335
ENST00000583687,1120.8333333333333
ENST00000584003,1554.1833333333334
ENST00000584709,1754.1666666666667
ENST00000585451,341.6666666666667
ENST00000586239,1250
ENST00000587877,50
ENST00000589068,737.5
ENST00000589222,3533.3333333333335
ENST00000589376,4620.833333333333
ENST00000590229,1000.0166666666667
ENST00000590968,237.5
ENST00000591334,1091.6666666666667
ENST00000591368,1570.85
ENST00000592005,2891.6666666666665
ENST00000592245,1195.85
ENST00000592347,383.3333333333333
ENST00000592611,1195.8333333333333
ENST00000592772,1445.85
ENST00000593562,1304.1833333333334
ENST00000594624,2170.8333333333335
ENST00000594708,1216.6833333333334
ENST00000595094,29.166666666666668
ENST00000595618,300
ENST00000596989,45.833333333333336
ENST00000597505,3179.1666666666665
ENST00000597989,1708.35
ENST00000599562,258.3333333333333
ENST00000599924,454.1666666666667
ENST00000600128,29.166666666666668
ENST00000600810,70.83333333333333
ENST00000601241,1533.35
ENST00000601318,1758.35
ENST00000601380,1158.35
ENST00000601538,304.18333333333334
ENST00000601935,1887.5
ENST00000602402,2120.85
ENST00000602452,58.35
ENST00000602533,1633.3333333333333
ENST00000602567,108.33333333333333
ENST00000602616,2066.6833333333334
ENST00000602743,62.5
ENST00000602772,637.5
ENST00000602889,4.166666666666667
ENST00000603672,66.66666666666667
ENST00000604011,1879.1666666666667
ENST00000605292,3166.6666666666665
ENST00000605781,1245.85
ENST00000605860,695.8333333333334
ENST00000605909,1762.5
ENST00000605924,1925.0166666666667
ENST00000605946,2033.35
ENST00000606202,1012.5
ENST00000606648,1100.0166666666667
ENST00000606738,1654.1666666666667
ENST00000606932,3070.8333333333335
ENST00000606978,1037.5
ENST00000607033,170.83333333333334
ENST00000607452,270.8333333333333
ENST00000608176,4066.6666666666665
ENST00000608183,2070.85
ENST00000608254,16425.016666666666
ENST00000609514,1258.35
ENST00000609590,1129.1666666666667
ENST00000609686,891.6666666666666
ENST00000610355,3600
ENST00000611228,1079.1833333333334
ENST00000611243,2475
ENST00000611255,79.16666666666667
ENST00000611394,4.166666666666667
ENST00000611625,54.166666666666664
ENST00000611769,1316.6833333333334
ENST00000611822,1108.35
ENST00000611870,3816.6666666666665
ENST00000612223,1725.0166666666667
ENST00000612372,2908.3333333333335
ENST00000612396,1529.1666666666667
ENST00000612742,2112.516666666667
ENST00000612828,3575.016666666667
ENST00000613161,70.83333333333333
ENST00000613205,1458.35
ENST00000613252,4145.833333333333
ENST00000613740,279.1666666666667
ENST00000614005,1270.8333333333333
ENST00000614096,1916.6833333333334
ENST00000614114,1170.85
ENST00000614565,437.5
ENST00000614641,54.166666666666664
ENST00000615112,666.6666666666666
ENST00000615176,712.5166666666667
ENST00000615182,1375.0166666666667
ENST00000615358,2870.85
ENST00000615438,3604.1666666666665
ENST00000615519,183.33333333333334
ENST00000615550,2533.3333333333335
ENST00000615572,1625
ENST00000615751,504.1666666666667
ENST00000615808,3408.3333333333335
ENST00000615947,225
ENST00000615949,1504.1833333333334
ENST00000616317,2358.3333333333335
ENST00000616559,3358.3333333333335
ENST00000616793,3308.35
ENST00000617146,12.5
ENST00000617270,308.3333333333333
ENST00000617436,1229.1833333333334
ENST00000617695,7950
ENST00000617914,1004.1833333333333
ENST00000617940,1741.6666666666667
ENST00000618134,800.0166666666667
ENST00000618760,387.5
ENST00000618828,287.5
ENST00000618881,666.6833333333333
ENST00000619531,1329.1833333333334
ENST00000619812,4045.8333333333335
ENST00000619867,4.166666666666667
ENST00000620048,1400
ENST00000620350,125
ENST00000620676,558.3333333333334
ENST00000621536,1829.1833333333334
ENST00000622180,4.166666666666667
ENST00000622768,1112.5
ENST00000623040,1116.6833333333334
ENST00000623461,1312.5
ENST00000624272,8.333333333333334
ENST00000624829,2316.6666666666665
ENST00000624922,70.83333333333333
ENST00000624941,158.33333333333334
ENST00000625954,12.5
ENST00000626778,1279.1833333333334
ENST00000626909,8.333333333333334
ENST00000628080,1075.0166666666667
ENST00000628324,3100.016666666667
ENST00000629145,745.8333333333334
ENST00000629661,3520.8333333333335
ENST00000629853,2508.3333333333335
ENST00000630271,570.8333333333334
ENST00000630384,2070.85
ENST00000630391,2400
ENST00000630942,3691.6666666666665
ENST00000630952,1162.5166666666667
ENST00000631198,1212.5166666666667
ENST00000633579,116.66666666666667
ENST00000634305,608.3333333333334
ENST00000634337,2850
ENST00000634367,1254.1833333333334
ENST00000634502,1341.6666666666667
ENST00000634540,2991.6666666666665
ENST00000634606,2354.1666666666665
ENST00000634644,1783.3333333333333
ENST00000634725,100
ENST00000634803,1079.1666666666667
ENST00000634888,308.3333333333333
ENST00000635104,20.833333333333332
ENST00000635120,5920.833333333333
ENST00000635290,1070.8333333333333
ENST00000635342,1766.6833333333334
ENST00000635455,270.8333333333333
ENST00000635495,2754.1833333333334
ENST00000635551,108.33333333333333
ENST00000635845,1604.1666666666667
ENST00000635860,1775
ENST00000635962,1779.1833333333334
ENST00000635978,1462.5
ENST00000635999,1575.0166666666667
ENST00000636041,1087.5166666666667
ENST00000636095,2358.3333333333335
ENST00000636098,83.33333333333333
ENST00000636099,112.5
ENST00000636122,1762.5166666666667
ENST00000636133,437.5
ENST00000636153,2125.016666666667
ENST00000636202,5616.666666666667
ENST00000636203,1195.8333333333333
ENST00000636209,10150.016666666666
ENST00000636213,1404.1666666666667
ENST00000636307,1837.5
ENST00000636308,37.5
ENST00000636437,1462.5
ENST00000636465,1816.6833333333334
ENST00000636516,1391.6666666666667
ENST00000636651,1058.3333333333333
ENST00000636817,237.5
ENST00000636819,3991.6833333333334
ENST00000636835,3091.6666666666665
ENST00000636927,1858.35
ENST00000637084,1641.6833333333334
ENST00000637185,2129.1666666666665
ENST00000637192,1400
ENST00000637215,66.66666666666667
ENST00000637341,791.6666666666666
ENST00000637419,50
ENST00000637424,866.6666666666666
ENST00000637430,1029.1666666666667
ENST00000637435,1333.3333333333333
ENST00000637462,1741.6833333333334
ENST00000637553,525
ENST00000637719,1187.5166666666667
ENST00000637795,3966.6666666666665
ENST00000637804,2416.6666666666665
ENST00000637807,2579.1666666666665
ENST00000637876,2895.8333333333335
ENST00000637901,1141.6833333333334
ENST00000637919,1995.8333333333333
ENST00000637969,2112.5
ENST00000637986,2070.85
ENST00000638009,1433.3333333333333
ENST00000638048,3233.3333333333335
ENST00000638157,2975
ENST00000638199,1562.5
ENST00000638717,200
ENST00000638991,812.5
ENST00000639316,16.666666666666668
ENST00000639408,1337.5166666666667
ENST00000639600,116.66666666666667
ENST00000639629,3741.6666666666665
ENST00000639822,783.3333333333334
ENST00000639870,66.66666666666667
ENST00000639998,50
ENST00000640245,395.85
ENST00000640961,3520.8333333333335
ENST00000640991,658.3333333333334
ENST00000641206,4433.333333333333
ENST00000641259,36012.5
ENST00000641266,33.333333333333336
ENST00000641277,1033.3333333333333
ENST00000641328,225
ENST00000641481,1083.35
ENST00000641494,1741.6666666666667
ENST00000641618,520.8333333333334
ENST00000642100,1725.0166666666667
ENST00000642114,2791.6666666666665
ENST00000642310,1895.8333333333333
ENST00000642601,2000.0166666666667
ENST00000642696,2541.6666666666665
ENST00000642720,966.6666666666666
ENST00000642846,1541.6666666666667
ENST00000642948,595.8333333333334
ENST00000642963,1675
ENST00000642964,1237.5
ENST00000643051,1370.8333333333333
ENST00000643056,1304.1833333333334
ENST00000643089,187.5
ENST00000643167,858.3333333333334
ENST00000643230,3891.6666666666665
ENST00000643262,2804.1833333333334
ENST00000643361,4487.516666666666
ENST00000643391,16.666666666666668
ENST00000643584,1508.3333333333333
ENST00000644005,1833.35
ENST00000644013,595.8333333333334
ENST00000644105,2520.8333333333335
ENST00000644129,2004.1666666666667
ENST00000644347,2945.8333333333335
ENST00000644461,2450
ENST00000644465,2429.1666666666665
ENST00000644474,2750
ENST00000644657,395.8333333333333
ENST00000644843,3512.5
ENST00000644895,1170.85
ENST00000644939,18254.183333333334
ENST00000644968,700
ENST00000644978,570.8333333333334
ENST00000645057,2845.8333333333335
ENST00000645093,612.5
ENST00000645423,345.8333333333333
ENST00000645463,1641.6666666666667
ENST00000645512,1595.8333333333333
ENST00000645527,2429.1666666666665
ENST00000645635,1625.0166666666667
ENST00000645747,3375
ENST00000645953,1725.0166666666667
ENST00000646168,1962.5
ENST00000646199,1362.5
ENST00000646374,1308.35
ENST00000646561,1350.0166666666667
ENST00000646617,1991.6666666666667
ENST00000646673,1170.85
ENST00000646704,183.33333333333334
ENST00000646855,2987.5
ENST00000646918,3237.5
ENST00000646948,1245.85
ENST00000647101,1016.6666666666666
ENST00000647105,887.5
ENST00000647188,141.66666666666666
ENST00000647244,2433.3333333333335
ENST00000647277,25
ENST00000647336,1245.8333333333333
ENST00000647560,1541.6833333333334
ENST00000647725,20.833333333333332
ENST00000647738,345.8333333333333
ENST00000647768,120.83333333333333
ENST00000647787,1020.85
ENST00000647843,783.3333333333334
ENST00000647858,2533.3333333333335
ENST00000647893,1600.0166666666667
ENST00000648066,1945.8333333333333
ENST00000648086,1612.5
ENST00000648114,45.833333333333336
ENST00000648156,1408.35
ENST00000648191,1604.1666666666667
ENST00000648193,1379.1833333333334
ENST00000648197,2345.8333333333335
ENST00000648217,1591.6833333333334
ENST00000648291,1166.6833333333334
ENST00000648296,1720.85
ENST00000648300,1495.8333333333333
ENST00000648455,166.66666666666666
ENST00000648572,2008.3333333333333
ENST00000648580,1875
ENST00000648685,1208.35
ENST00000648700,1366.6833333333334
ENST00000648844,1708.35
ENST00000648948,3704.1666666666665
ENST00000649041,1187.5
ENST00000649044,979.1666666666666
ENST00000649115,1437.5166666666667
ENST00000649120,1366.6833333333334
ENST00000649137,712.5
ENST00000649143,1454.1833333333334
ENST00000649150,3375
ENST00000649225,1791.6666666666667
ENST00000649351,1879.1666666666667
ENST00000649369,1866.6833333333334
ENST00000649443,1862.5166666666667
ENST00000649508,2700
ENST00000649512,1454.1833333333334
ENST00000649548,1687.5
ENST00000649564,1258.3333333333333
ENST00000649576,4120.833333333333
ENST00000649586,1379.1833333333334
ENST00000649588,1275
ENST00000649603,591.6666666666666
ENST00000649857,4.166666666666667
ENST00000649865,3320.8333333333335
ENST00000649996,1020.8333333333334
ENST00000650010,1879.1666666666667
ENST00000650025,2500
ENST00000650103,4.166666666666667
ENST00000650135,591.6666666666666
ENST00000650173,1641.6666666666667
ENST00000650264,3312.5
ENST00000650372,1962.5166666666667
ENST00000650379,404.1666666666667
ENST00000650414,50
ENST00000650415,20.833333333333332
ENST00000650453,2483.3333333333335
ENST00000650498,1125
ENST00000650553,1125
ENST00000650590,1391.6833333333334
ENST00000650620,1200.0166666666667
ENST00000650622,112.5
ENST00000650631,320.8333333333333
ENST00000650747,1237.5
ENST00000650759,2512.516666666667
ENST00000650763,2170.8333333333335
ENST00000650807,33.333333333333336
ENST00000650821,1041.6666666666667
ENST00000650836,1300.0166666666667
ENST00000650869,1450.0166666666667
ENST00000650872,2041.6666666666667
ENST00000650934,1504.1833333333334
ENST00000651044,1995.85
ENST00000651092,2391.6666666666665
ENST00000651111,1225.0166666666667
ENST00000651134,1700
ENST00000651272,266.6666666666667
ENST00000651278,4225
ENST00000651306,133.33333333333334
ENST00000651361,1783.3333333333333
ENST00000651370,8.333333333333334
ENST00000651397,1745.8333333333333
ENST00000651409,3383.3333333333335
ENST00000651424,33.333333333333336
ENST00000651429,3379.1666666666665
ENST00000651482,2758.3333333333335
ENST00000651539,3054.1666666666665
ENST00000651574,4737.5
ENST00000651587,870.8333333333334
ENST00000651593,8.35
ENST00000651645,1429.1833333333334
ENST00000651649,304.1666666666667
ENST00000651680,1108.3333333333333
ENST00000651693,1333.3333333333333
ENST00000651721,1337.5166666666667
ENST00000651726,2016.6666666666667
ENST00000651734,1712.5
ENST00000651749,3395.8333333333335
ENST00000651763,1320.85
ENST00000651879,2754.1666666666665
ENST00000651909,2600
ENST00000651987,1720.8333333333333
ENST00000651988,1362.5166666666667
ENST00000651999,4.166666666666667
ENST00000652009,16.666666666666668
ENST00000652126,7400
ENST00000652140,579.1666666666666
ENST00000652176,2537.5
ENST00000652247,2570.8333333333335
ENST00000652248,8.333333333333334
ENST00000652254,4.166666666666667
ENST00000652290,1995.85
ENST00000652315,4004.1666666666665
ENST00000652412,2425.016666666667
ENST00000652470,154.16666666666666
ENST00000652531,1187.5166666666667
ENST00000652561,1583.3333333333333
ENST00000652600,1283.35
ENST00000652661,2783.3333333333335
